old_slug,new_slug,product_name,category,title,meta_description,alt_present,keyword_type
amber-grace,amber-grace-marble-churchyard-cross-headstone,Amber Grace,Churchyard & Marble Memorials,Amber Grace Churchyard Cross Headstone | Churchill Memorials,"Amber Grace Churchyard & Marble Memorials from Churchill Memorials. Marble memorial with professional installation across England, Scotland and Wales.",True,churchyard-cross-headstone
angel-cross,angel-cross-granite-churchyard-cross-headstone,Angel Cross,Cemetery & Churchyard Headstones,Angel Cross Churchyard Cross Headstone | Churchill Memorials,"Angel Cross Cemetery & Churchyard Headstones from Churchill Memorials. Granite memorial with professional installation across England, Scotland and Wales.",True,churchyard-cross-headstone
angel-heart,angel-heart-red-granite-heart-memorial-headstone,Angel Heart,Cemetery & Churchyard Headstones,Angel Heart Heart Memorial Headstone | Churchill Memorials,"Angel Heart Cemetery & Churchyard Headstones from Churchill Memorials. Granite memorial with professional installation across England, Scotland and Wales.",True,heart-memorial-headstone
angel-teddy,angel-teddy-granite-childrens-memorial-headstone,Angel Teddy,Children’s Memorials,Angel Teddy Childrens Memorial Headstone | Churchill Memorials,"Angel Teddy Children’s Memorials from Churchill Memorials. Granite memorial with professional installation across England, Scotland and Wales.",True,childrens-memorial-headstone
baby-angel,baby-angel-granite-heart-memorial-headstone,Baby Angel,Children’s Memorials,Baby Angel Heart Memorial Headstone | Churchill Memorials,"Baby Angel Children’s Memorials from Churchill Memorials. Granite memorial with professional installation across England, Scotland and Wales.",True,heart-memorial-headstone
baby-rose,baby-rose-granite-childrens-memorial-headstone,Baby Rose,Children’s Memorials,Baby Rose Childrens Memorial Headstone | Churchill Memorials,"Baby Rose Children’s Memorials from Churchill Memorials. Granite memorial with professional installation across England, Scotland and Wales.",True,childrens-memorial-headstone
blessed-cross,blessed-cross-granite-churchyard-cross-headstone,Blessed Cross,Cemetery & Churchyard Headstones,Blessed Cross Churchyard Cross Headstone | Churchill Memorials,"Blessed Cross Cemetery & Churchyard Headstones from Churchill Memorials. Granite memorial with professional installation across England, Scotland and Wales.",True,churchyard-cross-headstone
blessed-grace,blessed-grace-granite-granite-headstone,Blessed Grace,Individual Bespoke Memorials,Blessed Grace Granite Headstone | Churchill Memorials,"Blessed Grace Individual Bespoke Memorials from Churchill Memorials. Granite memorial with professional installation across England, Scotland and Wales.",True,granite-headstone
blessed-prayer,blessed-prayer-black-granite-kerb-set-memorial,Blessed Prayer,Arabic & Muslim Memorial Headstones,Blessed Prayer Kerb Set Memorial | Churchill Memorials,"Blessed Prayer Arabic & Muslim Memorial Headstones from Churchill Memorials. Black Granite memorial with professional installation across England, Scotland and Wales.",True,kerb-set-memorial
bloom-rest,bloom-rest-marble-kerb-set-memorial,Bloom Rest,Bespoke Kerbset Memorials,Bloom Rest Kerb Set Memorial | Churchill Memorials,"Bloom Rest Bespoke Kerbset Memorials from Churchill Memorials. Marble memorial with professional installation across England, Scotland and Wales.",True,kerb-set-memorial
bloom-stone,bloom-stone-marble-churchyard-cross-headstone,Bloom Stone,Churchyard & Marble Memorials,Bloom Stone Churchyard Cross Headstone | Churchill Memorials,"Bloom Stone Churchyard & Marble Memorials from Churchill Memorials. Marble memorial with professional installation across England, Scotland and Wales.",True,churchyard-cross-headstone
bloom-vase,bloom-vase-granite-cremation-memorial,Bloom Vase,Cremation Memorials,Bloom Vase Cremation Memorial | Churchill Memorials,"Bloom Vase Cremation Memorials from Churchill Memorials. Granite memorial with professional installation across England, Scotland and Wales.",True,cremation-memorial
calm-garden,calm-garden-granite-kerb-set-memorial,Calm Garden,Bespoke Kerbset Memorials,Calm Garden Kerb Set Memorial | Churchill Memorials,"Calm Garden Bespoke Kerbset Memorials from Churchill Memorials. Granite memorial with professional installation across England, Scotland and Wales.",True,kerb-set-memorial
calm-light,calm-light-granite-granite-headstone,Calm Light,Individual Bespoke Memorials,Calm Light Granite Headstone | Churchill Memorials,"Calm Light Individual Bespoke Memorials from Churchill Memorials. Granite memorial with professional installation across England, Scotland and Wales.",True,granite-headstone
calm-stone,calm-stone-black-granite-childrens-memorial-headstone,Calm Stone,Children’s Memorials,Calm Stone Childrens Memorial Headstone | Churchill Memorials,"Calm Stone Children’s Memorials from Churchill Memorials. Black Granite memorial with professional installation across England, Scotland and Wales.",True,childrens-memorial-headstone
cedar-grace,cedar-grace-grey-granite-churchyard-cross-headstone,Cedar Grace,Cemetery & Churchyard Headstones,Cedar Grace Churchyard Cross Headstone | Churchill Memorials,"Cedar Grace Cemetery & Churchyard Headstones from Churchill Memorials. Grey Granite memorial with professional installation across England, Scotland and Wales.",True,churchyard-cross-headstone
cedar-rest,cedar-rest-red-granite-kerb-set-memorial,Cedar Rest,Bespoke Kerbset Memorials,Cedar Rest Kerb Set Memorial | Churchill Memorials,"Cedar Rest Bespoke Kerbset Memorials from Churchill Memorials. Ruby Red memorial with professional installation across England, Scotland and Wales.",True,kerb-set-memorial
cedar-stone,cedar-stone-granite-granite-headstone,Cedar Stone,Rustic & Hand Carved Memorials,Cedar Stone Granite Headstone | Churchill Memorials,"Cedar Stone Rustic & Hand Carved Memorials from Churchill Memorials. Granite memorial with professional installation across England, Scotland and Wales.",True,granite-headstone
celtic-cross,celtic-cross-granite-churchyard-cross-headstone,Celtic Cross,Cemetery & Churchyard Headstones,Celtic Cross Churchyard Cross Headstone | Churchill Memorials,"Celtic Cross Cemetery & Churchyard Headstones from Churchill Memorials. Granite memorial with professional installation across England, Scotland and Wales.",True,churchyard-cross-headstone
chapel-cross,chapel-cross-granite-churchyard-cross-headstone,Chapel Cross,Cemetery & Churchyard Headstones,Chapel Cross Churchyard Cross Headstone | Churchill Memorials,"Chapel Cross Cemetery & Churchyard Headstones from Churchill Memorials. Granite memorial with professional installation across England, Scotland and Wales.",True,churchyard-cross-headstone
chapter-rose,chapter-rose-granite-book-memorial-headstone,Chapter Rose,Book Memorials,Chapter Rose Book Memorial Headstone | Churchill Memorials,"Chapter Rose Book Memorials from Churchill Memorials. Granite memorial with professional installation across England, Scotland and Wales.",True,book-memorial-headstone
cloud-grace,cloud-grace-marble-churchyard-cross-headstone,Cloud Grace,Churchyard & Marble Memorials,Cloud Grace Churchyard Cross Headstone | Churchill Memorials,"Cloud Grace Churchyard & Marble Memorials from Churchill Memorials. Marble memorial with professional installation across England, Scotland and Wales.",True,churchyard-cross-headstone
country-grace,country-grace-red-granite-granite-headstone,Country Grace,Rustic & Hand Carved Memorials,Country Grace Granite Headstone | Churchill Memorials,"Country Grace Rustic & Hand Carved Memorials from Churchill Memorials. Granite memorial with professional installation across England, Scotland and Wales.",True,granite-headstone
crown-garden,crown-garden-granite-kerb-set-memorial,Crown Garden,Bespoke Kerbset Memorials,Crown Garden Kerb Set Memorial | Churchill Memorials,"Crown Garden Bespoke Kerbset Memorials from Churchill Memorials. Granite memorial with professional installation across England, Scotland and Wales.",True,kerb-set-memorial
crown-stone,crown-stone-marble-churchyard-cross-headstone,Crown Stone,Churchyard & Marble Memorials,Crown Stone Churchyard Cross Headstone | Churchill Memorials,"Crown Stone Churchyard & Marble Memorials from Churchill Memorials. Marble memorial with professional installation across England, Scotland and Wales.",True,churchyard-cross-headstone
daisy-grace,daisy-grace-granite-granite-headstone,Daisy Grace,Special Offers,Daisy Grace Granite Headstone | Churchill Memorials,"Daisy Grace Special Offers from Churchill Memorials. Granite memorial with professional installation across England, Scotland and Wales.",True,granite-headstone
dawn-stone,dawn-stone-black-granite-cremation-memorial,Dawn Stone,Cremation Memorials,Dawn Stone Cremation Memorial | Churchill Memorials,"Dawn Stone Cremation Memorials from Churchill Memorials. Black Granite memorial with professional installation across England, Scotland and Wales.",True,cremation-memorial
divine-peace,divine-peace-grey-granite-churchyard-cross-headstone,Divine Peace,Cemetery & Churchyard Headstones,Divine Peace Churchyard Cross Headstone | Churchill Memorials,"Divine Peace Cemetery & Churchyard Headstones from Churchill Memorials. Grey Granite memorial with professional installation across England, Scotland and Wales.",True,churchyard-cross-headstone
dove-book,dove-book-marble-book-memorial-headstone,Dove Book,Churchyard & Marble Memorials,Dove Book Book Memorial Headstone | Churchill Memorials,"Dove Book Churchyard & Marble Memorials from Churchill Memorials. Marble memorial with professional installation across England, Scotland and Wales.",True,book-memorial-headstone
dove-garden,dove-garden-granite-kerb-set-memorial,Dove Garden,Bespoke Kerbset Memorials,Dove Garden Kerb Set Memorial | Churchill Memorials,"Dove Garden Bespoke Kerbset Memorials from Churchill Memorials. Granite memorial with professional installation across England, Scotland and Wales.",True,kerb-set-memorial
dove-grace,dove-grace-granite-churchyard-cross-headstone,Dove Grace,Cemetery & Churchyard Headstones,Dove Grace Churchyard Cross Headstone | Churchill Memorials,"Dove Grace Cemetery & Churchyard Headstones from Churchill Memorials. Granite memorial with professional installation across England, Scotland and Wales.",True,churchyard-cross-headstone
dove-heart,dove-heart-granite-heart-memorial-headstone,Dove Heart,Cemetery & Churchyard Headstones,Dove Heart Heart Memorial Headstone | Churchill Memorials,"Dove Heart Cemetery & Churchyard Headstones from Churchill Memorials. Granite memorial with professional installation across England, Scotland and Wales.",True,heart-memorial-headstone
dove-prayer,dove-prayer-granite-muslim-arabic-headstone,Dove Prayer,Arabic & Muslim Memorial Headstones,Dove Prayer Muslim Arabic Headstone | Churchill Memorials,"Dove Prayer Arabic & Muslim Memorial Headstones from Churchill Memorials. Granite memorial with professional installation across England, Scotland and Wales.",True,muslim-arabic-headstone
dove-vase,dove-vase-marble-kerb-set-memorial,Dove Vase,Kerb Set Memorials & Full Length Headstones,Dove Vase Kerb Set Memorial | Churchill Memorials,"Dove Vase Kerb Set Memorials & Full Length Headstones from Churchill Memorials. Marble memorial with professional installation across England, Scotland and Wales.",True,kerb-set-memorial
eden-garden,eden-garden-granite-kerb-set-memorial,Eden Garden,Bespoke Kerbset Memorials,Eden Garden Kerb Set Memorial | Churchill Memorials,"Eden Garden Bespoke Kerbset Memorials from Churchill Memorials. Granite memorial with professional installation across England, Scotland and Wales.",True,kerb-set-memorial
eden-grace,eden-grace-granite-childrens-memorial-headstone,Eden Grace,Children’s Memorials,Eden Grace Childrens Memorial Headstone | Churchill Memorials,"Eden Grace Children’s Memorials from Churchill Memorials. Granite memorial with professional installation across England, Scotland and Wales.",True,childrens-memorial-headstone
emerald-grace,emerald-grace-granite-book-memorial-headstone,Emerald Grace,Cremation Memorials,Emerald Grace Book Memorial Headstone | Churchill Memorials,"Emerald Grace Cremation Memorials from Churchill Memorials. Granite memorial with professional installation across England, Scotland and Wales.",True,book-memorial-headstone
eternal-cross,eternal-cross-red-granite-churchyard-cross-headstone,Eternal Cross,Cemetery & Churchyard Headstones,Eternal Cross Churchyard Cross Headstone | Churchill Memorials,"Eternal Cross Cemetery & Churchyard Headstones from Churchill Memorials. Granite memorial with professional installation across England, Scotland and Wales.",True,churchyard-cross-headstone
eternal-grace,eternal-grace-black-granite-granite-headstone,Eternal Grace,Special Offers,Eternal Grace Granite Headstone | Churchill Memorials,"Eternal Grace Special Offers from Churchill Memorials. Black Granite memorial with professional installation across England, Scotland and Wales.",True,granite-headstone
eternal-heart,eternal-heart-granite-heart-memorial-headstone,Eternal Heart,Cemetery & Churchyard Headstones,Eternal Heart Heart Memorial Headstone | Churchill Memorials,"Eternal Heart Cemetery & Churchyard Headstones from Churchill Memorials. Granite memorial with professional installation across England, Scotland and Wales.",True,heart-memorial-headstone
eternal-prayer,eternal-prayer-black-granite-kerb-set-memorial,Eternal Prayer,Arabic & Muslim Memorial Headstones,Eternal Prayer Kerb Set Memorial | Churchill Memorials,"Eternal Prayer Arabic & Muslim Memorial Headstones from Churchill Memorials. Black Granite memorial with professional installation across England, Scotland and Wales.",True,kerb-set-memorial
eternal-verse,eternal-verse-granite-book-memorial-headstone,Eternal Verse,Book Memorials,Eternal Verse Book Memorial Headstone | Churchill Memorials,"Eternal Verse Book Memorials from Churchill Memorials. Granite memorial with professional installation across England, Scotland and Wales.",True,book-memorial-headstone
evening-grace,evening-grace-granite-book-memorial-headstone,Evening Grace,Cremation Memorials,Evening Grace Book Memorial Headstone | Churchill Memorials,"Evening Grace Cremation Memorials from Churchill Memorials. Granite memorial with professional installation across England, Scotland and Wales.",True,book-memorial-headstone
ever-grace,ever-grace-granite-heart-memorial-headstone,Ever Grace,Children’s Memorials,Ever Grace Heart Memorial Headstone | Churchill Memorials,"Ever Grace Children’s Memorials from Churchill Memorials. Granite memorial with professional installation across England, Scotland and Wales.",True,heart-memorial-headstone
evergreen-rest,evergreen-rest-granite-kerb-set-memorial,Evergreen Rest,Kerb Set Memorials & Full Length Headstones,Evergreen Rest Kerb Set Memorial | Churchill Memorials,"Evergreen Rest Kerb Set Memorials & Full Length Headstones from Churchill Memorials. Granite memorial with professional installation across England, Scotland and Wales.",True,kerb-set-memorial
faith-book,faith-book-granite-book-memorial-headstone,Faith Book,Book Memorials,Faith Book Book Memorial Headstone | Churchill Memorials,"Faith Book Book Memorials from Churchill Memorials. Granite memorial with professional installation across England, Scotland and Wales.",True,book-memorial-headstone
faith-cross,faith-cross-black-granite-churchyard-cross-headstone,Faith Cross,Special Offers,Faith Cross Churchyard Cross Headstone | Churchill Memorials,"Faith Cross Special Offers from Churchill Memorials. Black Granite memorial with professional installation across England, Scotland and Wales.",True,churchyard-cross-headstone
faith-grace,faith-grace-red-granite-kerb-set-memorial,Faith Grace,Arabic & Muslim Memorial Headstones,Faith Grace Kerb Set Memorial | Churchill Memorials,"Faith Grace Arabic & Muslim Memorial Headstones from Churchill Memorials. Granite memorial with professional installation across England, Scotland and Wales.",True,kerb-set-memorial
faith-heart,faith-heart-granite-heart-memorial-headstone,Faith Heart,Heart Memorials,Faith Heart Heart Memorial Headstone | Churchill Memorials,"Faith Heart Heart Memorials from Churchill Memorials. Granite memorial with professional installation across England, Scotland and Wales.",True,heart-memorial-headstone
faith-stone,faith-stone-granite-kerb-set-memorial,Faith Stone,Arabic & Muslim Memorial Headstones,Faith Stone Kerb Set Memorial | Churchill Memorials,"Faith Stone Arabic & Muslim Memorial Headstones from Churchill Memorials. Granite memorial with professional installation across England, Scotland and Wales.",True,kerb-set-memorial
family-book,family-book-granite-book-memorial-headstone,Family Book,Book Memorials,Family Book Book Memorial Headstone | Churchill Memorials,"Family Book Book Memorials from Churchill Memorials. Granite memorial with professional installation across England, Scotland and Wales.",True,book-memorial-headstone
family-garden,family-garden-granite-kerb-set-memorial,Family Garden,Bespoke Kerbset Memorials,Family Garden Kerb Set Memorial | Churchill Memorials,"Family Garden Bespoke Kerbset Memorials from Churchill Memorials. Granite memorial with professional installation across England, Scotland and Wales.",True,kerb-set-memorial
family-grace,family-grace-granite-heart-memorial-headstone,Family Grace,Children’s Memorials,Family Grace Heart Memorial Headstone | Churchill Memorials,"Family Grace Children’s Memorials from Churchill Memorials. Granite memorial with professional installation across England, Scotland and Wales.",True,heart-memorial-headstone
family-light,family-light-granite-granite-headstone,Family Light,Individual Bespoke Memorials,Family Light Granite Headstone | Churchill Memorials,"Family Light Individual Bespoke Memorials from Churchill Memorials. Granite memorial with professional installation across England, Scotland and Wales.",True,granite-headstone
family-prayer,family-prayer-red-granite-muslim-arabic-headstone,Family Prayer,Arabic & Muslim Memorial Headstones,Family Prayer Muslim Arabic Headstone | Churchill Memorials,"Family Prayer Arabic & Muslim Memorial Headstones from Churchill Memorials. Granite memorial with professional installation across England, Scotland and Wales.",True,muslim-arabic-headstone
fern-stone,fern-stone-marble-churchyard-cross-headstone,Fern Stone,Churchyard & Marble Memorials,Fern Stone Churchyard Cross Headstone | Churchill Memorials,"Fern Stone Churchyard & Marble Memorials from Churchill Memorials. Marble memorial with professional installation across England, Scotland and Wales.",True,churchyard-cross-headstone
field-stone,field-stone-granite-granite-headstone,Field Stone,Rustic & Hand Carved Memorials,Field Stone Granite Headstone | Churchill Memorials,"Field Stone Rustic & Hand Carved Memorials from Churchill Memorials. Granite memorial with professional installation across England, Scotland and Wales.",True,granite-headstone
forest-grace,forest-grace-granite-granite-headstone,Forest Grace,Rustic & Hand Carved Memorials,Forest Grace Granite Headstone | Churchill Memorials,"Forest Grace Rustic & Hand Carved Memorials from Churchill Memorials. Granite memorial with professional installation across England, Scotland and Wales.",True,granite-headstone
forever-grace,forever-grace-granite-childrens-memorial-headstone,Forever Grace,Children’s Memorials,Forever Grace Childrens Memorial Headstone | Churchill Memorials,"Forever Grace Children’s Memorials from Churchill Memorials. Granite memorial with professional installation across England, Scotland and Wales.",True,childrens-memorial-headstone
forever-heart,forever-heart-granite-heart-memorial-headstone,Forever Heart,Heart Memorials,Forever Heart Heart Memorial Headstone | Churchill Memorials,"Forever Heart Heart Memorials from Churchill Memorials. Granite memorial with professional installation across England, Scotland and Wales.",True,heart-memorial-headstone
forever-light,forever-light-red-granite-granite-headstone,Forever Light,Individual Bespoke Memorials,Forever Light Granite Headstone | Churchill Memorials,"Forever Light Individual Bespoke Memorials from Churchill Memorials. Granite memorial with professional installation across England, Scotland and Wales.",True,granite-headstone
forever-vase,forever-vase-granite-cremation-memorial,Forever Vase,Cremation Memorials,Forever Vase Cremation Memorial | Churchill Memorials,"Forever Vase Cremation Memorials from Churchill Memorials. Granite memorial with professional installation across England, Scotland and Wales.",True,cremation-memorial
garden-rest,garden-rest-granite-kerb-set-memorial,Garden Rest,Kerb Set Memorials & Full Length Headstones,Garden Rest Kerb Set Memorial | Churchill Memorials,"Garden Rest Kerb Set Memorials & Full Length Headstones from Churchill Memorials. Granite memorial with professional installation across England, Scotland and Wales.",True,kerb-set-memorial
garden-rose,garden-rose-granite-granite-headstone,Garden Rose,Special Offers,Garden Rose Granite Headstone | Churchill Memorials,"Garden Rose Special Offers from Churchill Memorials. Granite memorial with professional installation across England, Scotland and Wales.",True,granite-headstone
garden-vase,garden-vase-marble-memorial-vase,Garden Vase,Churchyard & Marble Memorials,Garden Vase Memorial Vase | Churchill Memorials,"Garden Vase Churchyard & Marble Memorials from Churchill Memorials. Marble memorial with professional installation across England, Scotland and Wales.",True,memorial-vase
gentle-grace,gentle-grace-black-granite-granite-headstone,Gentle Grace,Special Offers,Gentle Grace Granite Headstone | Churchill Memorials,"Gentle Grace Special Offers from Churchill Memorials. Black Granite memorial with professional installation across England, Scotland and Wales.",True,granite-headstone
gentle-heart,gentle-heart-granite-heart-memorial-headstone,Gentle Heart,Cemetery & Churchyard Headstones,Gentle Heart Heart Memorial Headstone | Churchill Memorials,"Gentle Heart Cemetery & Churchyard Headstones from Churchill Memorials. Granite memorial with professional installation across England, Scotland and Wales.",True,heart-memorial-headstone
gentle-light,gentle-light-black-granite-heart-memorial-headstone,Gentle Light,Heart Memorials,Gentle Light Heart Memorial Headstone | Churchill Memorials,"Gentle Light Heart Memorials from Churchill Memorials. Black Granite memorial with professional installation across England, Scotland and Wales.",True,heart-memorial-headstone
gentle-moon,gentle-moon-granite-book-memorial-headstone,Gentle Moon,Children’s Memorials,Gentle Moon Book Memorial Headstone | Churchill Memorials,"Gentle Moon Children’s Memorials from Churchill Memorials. Granite memorial with professional installation across England, Scotland and Wales.",True,book-memorial-headstone
gentle-prayer,gentle-prayer-red-granite-kerb-set-memorial,Gentle Prayer,Arabic & Muslim Memorial Headstones,Gentle Prayer Kerb Set Memorial | Churchill Memorials,"Gentle Prayer Arabic & Muslim Memorial Headstones from Churchill Memorials. Granite memorial with professional installation across England, Scotland and Wales.",True,kerb-set-memorial
gentle-star,gentle-star-granite-childrens-memorial-headstone,Gentle Star,Children’s Memorials,Gentle Star Childrens Memorial Headstone | Churchill Memorials,"Gentle Star Children’s Memorials from Churchill Memorials. Granite memorial with professional installation across England, Scotland and Wales.",True,childrens-memorial-headstone
golden-grace,golden-grace-granite-churchyard-cross-headstone,Golden Grace,Cemetery & Churchyard Headstones,Golden Grace Churchyard Cross Headstone | Churchill Memorials,"Golden Grace Cemetery & Churchyard Headstones from Churchill Memorials. Granite memorial with professional installation across England, Scotland and Wales.",True,churchyard-cross-headstone
golden-heart,golden-heart-granite-heart-memorial-headstone,Golden Heart,Heart Memorials,Golden Heart Heart Memorial Headstone | Churchill Memorials,"Golden Heart Heart Memorials from Churchill Memorials. Granite memorial with professional installation across England, Scotland and Wales.",True,heart-memorial-headstone
golden-light,golden-light-granite-churchyard-cross-headstone,Golden Light,Individual Bespoke Memorials,Golden Light Churchyard Cross Headstone | Churchill Memorials,"Golden Light Individual Bespoke Memorials from Churchill Memorials. Granite memorial with professional installation across England, Scotland and Wales.",True,churchyard-cross-headstone
golden-verse,golden-verse-granite-book-memorial-headstone,Golden Verse,Book Memorials,Golden Verse Book Memorial Headstone | Churchill Memorials,"Golden Verse Book Memorials from Churchill Memorials. Granite memorial with professional installation across England, Scotland and Wales.",True,book-memorial-headstone
grace-book,grace-book-red-granite-kerb-set-memorial,Grace Book,Kerb Set Memorials & Full Length Headstones,Grace Book Kerb Set Memorial | Churchill Memorials,"Grace Book Kerb Set Memorials & Full Length Headstones from Churchill Memorials. Granite memorial with professional installation across England, Scotland and Wales.",True,kerb-set-memorial
grace-cedar,grace-cedar-granite-memorial-vase,Grace Cedar,Vases,Grace Cedar Memorial Vase | Churchill Memorials,"Grace Cedar Vases from Churchill Memorials. Granite memorial with professional installation across England, Scotland and Wales.",True,memorial-vase
grace-cross,grace-cross-red-granite-churchyard-cross-headstone,Grace Cross,Cemetery & Churchyard Headstones,Grace Cross Churchyard Cross Headstone | Churchill Memorials,"Grace Cross Cemetery & Churchyard Headstones from Churchill Memorials. Granite memorial with professional installation across England, Scotland and Wales.",True,churchyard-cross-headstone
grace-dove,grace-dove-red-granite-granite-headstone,Grace Dove,Individual Bespoke Memorials,Grace Dove Granite Headstone | Churchill Memorials,"Grace Dove Individual Bespoke Memorials from Churchill Memorials. Granite memorial with professional installation across England, Scotland and Wales.",True,granite-headstone
grace-garden,grace-garden-granite-kerb-set-memorial,Grace Garden,Kerb Set Memorials & Full Length Headstones,Grace Garden Kerb Set Memorial | Churchill Memorials,"Grace Garden Kerb Set Memorials & Full Length Headstones from Churchill Memorials. Granite memorial with professional installation across England, Scotland and Wales.",True,kerb-set-memorial
grace-heart,grace-heart-granite-heart-memorial-headstone,Grace Heart,Heart Memorials,Grace Heart Heart Memorial Headstone | Churchill Memorials,"Grace Heart Heart Memorials from Churchill Memorials. Granite memorial with professional installation across England, Scotland and Wales.",True,heart-memorial-headstone
grace-hope,grace-hope-granite-memorial-vase,Grace Hope,Vases,Grace Hope Memorial Vase | Churchill Memorials,"Grace Hope Vases from Churchill Memorials. Granite memorial with professional installation across England, Scotland and Wales.",True,memorial-vase
grace-legacy,grace-legacy-red-granite-memorial-vase,Grace Legacy,Vases,Grace Legacy Memorial Vase | Churchill Memorials,"Grace Legacy Vases from Churchill Memorials. Granite memorial with professional installation across England, Scotland and Wales.",True,memorial-vase
grace-light,grace-light-marble-memorial-headstone,Grace Light,Individual Bespoke Memorials,Grace Light Memorial Headstone | Churchill Memorials,"Grace Light Individual Bespoke Memorials from Churchill Memorials. Marble memorial with professional installation across England, Scotland and Wales.",True,memorial-headstone
grace-lily,grace-lily-granite-heart-memorial-headstone,Grace Lily,Rustic & Hand Carved Memorials,Grace Lily Heart Memorial Headstone | Churchill Memorials,"Grace Lily Rustic & Hand Carved Memorials from Churchill Memorials. Granite memorial with professional installation across England, Scotland and Wales.",True,heart-memorial-headstone
grace-meadow,grace-meadow-granite-heart-memorial-headstone,Grace Meadow,Vases,Grace Meadow Heart Memorial Headstone | Churchill Memorials,"Grace Meadow Vases from Churchill Memorials. Granite memorial with professional installation across England, Scotland and Wales.",True,heart-memorial-headstone
grace-memory,grace-memory-granite-memorial-vase,Grace Memory,Vases,Grace Memory Memorial Vase | Churchill Memorials,"Grace Memory Vases from Churchill Memorials. Granite memorial with professional installation across England, Scotland and Wales.",True,memorial-vase
grace-moon,grace-moon-granite-memorial-vase,Grace Moon,Vases,Grace Moon Memorial Vase | Churchill Memorials,"Grace Moon Vases from Churchill Memorials. Granite memorial with professional installation across England, Scotland and Wales.",True,memorial-vase
grace-oak,grace-oak-granite-memorial-vase,Grace Oak,Vases,Grace Oak Memorial Vase | Churchill Memorials,"Grace Oak Vases from Churchill Memorials. Granite memorial with professional installation across England, Scotland and Wales.",True,memorial-vase
grace-peace,grace-peace-granite-childrens-memorial-headstone,Grace Peace,Rustic & Hand Carved Memorials,Grace Peace Childrens Memorial Headstone | Churchill Memorials,"Grace Peace Rustic & Hand Carved Memorials from Churchill Memorials. Granite memorial with professional installation across England, Scotland and Wales.",True,childrens-memorial-headstone
grace-rest,grace-rest-granite-heart-memorial-headstone,Grace Rest,Individual Bespoke Memorials,Grace Rest Heart Memorial Headstone | Churchill Memorials,"Grace Rest Individual Bespoke Memorials from Churchill Memorials. Granite memorial with professional installation across England, Scotland and Wales.",True,heart-memorial-headstone
grace-rose,grace-rose-red-granite-granite-headstone,Grace Rose,Individual Bespoke Memorials,Grace Rose Granite Headstone | Churchill Memorials,"Grace Rose Individual Bespoke Memorials from Churchill Memorials. Granite memorial with professional installation across England, Scotland and Wales.",True,granite-headstone
grace-star,grace-star-black-granite-memorial-vase,Grace Star,Vases,Grace Star Memorial Vase | Churchill Memorials,"Grace Star Vases from Churchill Memorials. Black Granite memorial with professional installation across England, Scotland and Wales.",True,memorial-vase
grace-stone,grace-stone-granite-granite-headstone,Grace Stone,Special Offers,Grace Stone Granite Headstone | Churchill Memorials,"Grace Stone Special Offers from Churchill Memorials. Granite memorial with professional installation across England, Scotland and Wales.",True,granite-headstone
grace-vase,grace-vase-red-granite-memorial-vase,Grace Vase,Cemetery & Churchyard Headstones,Grace Vase Memorial Vase | Churchill Memorials,"Grace Vase Cemetery & Churchyard Headstones from Churchill Memorials. Granite memorial with professional installation across England, Scotland and Wales.",True,memorial-vase
grace-willow,grace-willow-marble-memorial-vase,Grace Willow,Vases,Grace Willow Memorial Vase | Churchill Memorials,"Grace Willow Vases from Churchill Memorials. Marble memorial with professional installation across England, Scotland and Wales.",True,memorial-vase
haven-rest,haven-rest-granite-kerb-set-memorial,Haven Rest,Bespoke Kerbset Memorials,Haven Rest Kerb Set Memorial | Churchill Memorials,"Haven Rest Bespoke Kerbset Memorials from Churchill Memorials. Granite memorial with professional installation across England, Scotland and Wales.",True,kerb-set-memorial
haven-stone,haven-stone-granite-childrens-memorial-headstone,Haven Stone,Children’s Memorials,Haven Stone Childrens Memorial Headstone | Churchill Memorials,"Haven Stone Children’s Memorials from Churchill Memorials. Granite memorial with professional installation across England, Scotland and Wales.",True,childrens-memorial-headstone
heart-book,heart-book-granite-book-memorial-headstone,Heart Book,Book Memorials,Heart Book Book Memorial Headstone | Churchill Memorials,"Heart Book Book Memorials from Churchill Memorials. Granite memorial with professional installation across England, Scotland and Wales.",True,book-memorial-headstone
heart-grace,heart-grace-grey-granite-heart-memorial-headstone,Heart Grace,Special Offers,Heart Grace Heart Memorial Headstone | Churchill Memorials,"Heart Grace Special Offers from Churchill Memorials. Grey Granite memorial with professional installation across England, Scotland and Wales.",True,heart-memorial-headstone
heaven-cross,heaven-cross-black-granite-churchyard-cross-headstone,Heaven Cross,Cemetery & Churchyard Headstones,Heaven Cross Churchyard Cross Headstone | Churchill Memorials,"Heaven Cross Cemetery & Churchyard Headstones from Churchill Memorials. Black Granite memorial with professional installation across England, Scotland and Wales.",True,churchyard-cross-headstone
heritage-garden,heritage-garden-black-granite-kerb-set-memorial,Heritage Garden,Kerb Set Memorials & Full Length Headstones,Heritage Garden Kerb Set Memorial | Churchill Memorials,"Heritage Garden Kerb Set Memorials & Full Length Headstones from Churchill Memorials. Black Granite memorial with professional installation across England, Scotland and Wales.",True,kerb-set-memorial
heritage-grace,heritage-grace-granite-granite-headstone,Heritage Grace,Individual Bespoke Memorials,Heritage Grace Granite Headstone | Churchill Memorials,"Heritage Grace Individual Bespoke Memorials from Churchill Memorials. Granite memorial with professional installation across England, Scotland and Wales.",True,granite-headstone
heritage-stone,heritage-stone-black-granite-granite-headstone,Heritage Stone,Special Offers,Heritage Stone Granite Headstone | Churchill Memorials,"Heritage Stone Special Offers from Churchill Memorials. Black Granite memorial with professional installation across England, Scotland and Wales.",True,granite-headstone
holy-grace,holy-grace-granite-granite-headstone,Holy Grace,Special Offers,Holy Grace Granite Headstone | Churchill Memorials,"Holy Grace Special Offers from Churchill Memorials. Granite memorial with professional installation across England, Scotland and Wales.",True,granite-headstone
hope-cross,hope-cross-granite-churchyard-cross-headstone,Hope Cross,Cemetery & Churchyard Headstones,Hope Cross Churchyard Cross Headstone | Churchill Memorials,"Hope Cross Cemetery & Churchyard Headstones from Churchill Memorials. Granite memorial with professional installation across England, Scotland and Wales.",True,churchyard-cross-headstone
hope-light,hope-light-black-granite-granite-headstone,Hope Light,Individual Bespoke Memorials,Hope Light Granite Headstone | Churchill Memorials,"Hope Light Individual Bespoke Memorials from Churchill Memorials. Black Granite memorial with professional installation across England, Scotland and Wales.",True,granite-headstone
hope-prayer,hope-prayer-marble-kerb-set-memorial,Hope Prayer,Arabic & Muslim Memorial Headstones,Hope Prayer Kerb Set Memorial | Churchill Memorials,"Hope Prayer Arabic & Muslim Memorial Headstones from Churchill Memorials. Marble memorial with professional installation across England, Scotland and Wales.",True,kerb-set-memorial
hope-stone,hope-stone-granite-childrens-memorial-headstone,Hope Stone,Children’s Memorials,Hope Stone Childrens Memorial Headstone | Churchill Memorials,"Hope Stone Children’s Memorials from Churchill Memorials. Granite memorial with professional installation across England, Scotland and Wales.",True,childrens-memorial-headstone
hope-verse,hope-verse-marble-book-memorial-headstone,Hope Verse,Churchyard & Marble Memorials,Hope Verse Book Memorial Headstone | Churchill Memorials,"Hope Verse Churchyard & Marble Memorials from Churchill Memorials. Marble memorial with professional installation across England, Scotland and Wales.",True,book-memorial-headstone
ivory-grace,ivory-grace-red-granite-cremation-memorial,Ivory Grace,Cremation Memorials,Ivory Grace Cremation Memorial | Churchill Memorials,"Ivory Grace Cremation Memorials from Churchill Memorials. Granite memorial with professional installation across England, Scotland and Wales.",True,cremation-memorial
ivy-grace,ivy-grace-marble-churchyard-cross-headstone,Ivy Grace,Churchyard & Marble Memorials,Ivy Grace Churchyard Cross Headstone | Churchill Memorials,"Ivy Grace Churchyard & Marble Memorials from Churchill Memorials. Marble memorial with professional installation across England, Scotland and Wales.",True,churchyard-cross-headstone
ivy-rest,ivy-rest-red-granite-kerb-set-memorial,Ivy Rest,Bespoke Kerbset Memorials,Ivy Rest Kerb Set Memorial | Churchill Memorials,"Ivy Rest Bespoke Kerbset Memorials from Churchill Memorials. Ruby Red memorial with professional installation across England, Scotland and Wales.",True,kerb-set-memorial
ivy-vase,ivy-vase-black-granite-cremation-memorial,Ivy Vase,Cremation Memorials,Ivy Vase Cremation Memorial | Churchill Memorials,"Ivy Vase Cremation Memorials from Churchill Memorials. Black Granite memorial with professional installation across England, Scotland and Wales.",True,cremation-memorial
jade-grace,jade-grace-granite-book-memorial-headstone,Jade Grace,Cremation Memorials,Jade Grace Book Memorial Headstone | Churchill Memorials,"Jade Grace Cremation Memorials from Churchill Memorials. Granite memorial with professional installation across England, Scotland and Wales.",True,book-memorial-headstone
kind-light,kind-light-granite-granite-headstone,Kind Light,Individual Bespoke Memorials,Kind Light Granite Headstone | Churchill Memorials,"Kind Light Individual Bespoke Memorials from Churchill Memorials. Granite memorial with professional installation across England, Scotland and Wales.",True,granite-headstone
kindred-grace,kindred-grace-red-granite-childrens-memorial-headstone,Kindred Grace,Children’s Memorials,Kindred Grace Childrens Memorial Headstone | Churchill Memorials,"Kindred Grace Children’s Memorials from Churchill Memorials. Granite memorial with professional installation across England, Scotland and Wales.",True,childrens-memorial-headstone
laurel-garden,laurel-garden-granite-kerb-set-memorial,Laurel Garden,Bespoke Kerbset Memorials,Laurel Garden Kerb Set Memorial | Churchill Memorials,"Laurel Garden Bespoke Kerbset Memorials from Churchill Memorials. Granite memorial with professional installation across England, Scotland and Wales.",True,kerb-set-memorial
laurel-grace,laurel-grace-red-granite-churchyard-cross-headstone,Laurel Grace,Churchyard & Marble Memorials,Laurel Grace Churchyard Cross Headstone | Churchill Memorials,"Laurel Grace Churchyard & Marble Memorials from Churchill Memorials. Marble memorial with professional installation across England, Scotland and Wales.",True,churchyard-cross-headstone
legacy-book,legacy-book-red-granite-kerb-set-memorial,Legacy Book,Bespoke Kerbset Memorials,Legacy Book Kerb Set Memorial | Churchill Memorials,"Legacy Book Bespoke Kerbset Memorials from Churchill Memorials. Ruby Red memorial with professional installation across England, Scotland and Wales.",True,kerb-set-memorial
legacy-garden,legacy-garden-granite-kerb-set-memorial,Legacy Garden,Kerb Set Memorials & Full Length Headstones,Legacy Garden Kerb Set Memorial | Churchill Memorials,"Legacy Garden Kerb Set Memorials & Full Length Headstones from Churchill Memorials. Granite memorial with professional installation across England, Scotland and Wales.",True,kerb-set-memorial
life-story,life-story-granite-book-memorial-headstone,Life Story,Book Memorials,Life Story Book Memorial Headstone | Churchill Memorials,"Life Story Book Memorials from Churchill Memorials. Granite memorial with professional installation across England, Scotland and Wales.",True,book-memorial-headstone
light-cross,light-cross-black-granite-churchyard-cross-headstone,Light Cross,Cemetery & Churchyard Headstones,Light Cross Churchyard Cross Headstone | Churchill Memorials,"Light Cross Cemetery & Churchyard Headstones from Churchill Memorials. Black Granite memorial with professional installation across England, Scotland and Wales.",True,churchyard-cross-headstone
lily-cross,lily-cross-granite-churchyard-cross-headstone,Lily Cross,Cemetery & Churchyard Headstones,Lily Cross Churchyard Cross Headstone | Churchill Memorials,"Lily Cross Cemetery & Churchyard Headstones from Churchill Memorials. Granite memorial with professional installation across England, Scotland and Wales.",True,churchyard-cross-headstone
lily-grace,lily-grace-black-granite-granite-headstone,Lily Grace,Special Offers,Lily Grace Granite Headstone | Churchill Memorials,"Lily Grace Special Offers from Churchill Memorials. Black Granite memorial with professional installation across England, Scotland and Wales.",True,granite-headstone
lily-heart,lily-heart-granite-heart-memorial-headstone,Lily Heart,Heart Memorials,Lily Heart Heart Memorial Headstone | Churchill Memorials,"Lily Heart Heart Memorials from Churchill Memorials. Granite memorial with professional installation across England, Scotland and Wales.",True,heart-memorial-headstone
lily-light,lily-light-black-granite-churchyard-cross-headstone,Lily Light,Cemetery & Churchyard Headstones,Lily Light Churchyard Cross Headstone | Churchill Memorials,"Lily Light Cemetery & Churchyard Headstones from Churchill Memorials. Black Granite memorial with professional installation across England, Scotland and Wales.",True,churchyard-cross-headstone
lily-vase,lily-vase-granite-cremation-memorial,Lily Vase,Cremation Memorials,Lily Vase Cremation Memorial | Churchill Memorials,"Lily Vase Cremation Memorials from Churchill Memorials. Granite memorial with professional installation across England, Scotland and Wales.",True,cremation-memorial
little-dove,little-dove-granite-heart-memorial-headstone,Little Dove,Children’s Memorials,Little Dove Heart Memorial Headstone | Churchill Memorials,"Little Dove Children’s Memorials from Churchill Memorials. Granite memorial with professional installation across England, Scotland and Wales.",True,heart-memorial-headstone
little-lily,little-lily-granite-heart-memorial-headstone,Little Lily,Children’s Memorials,Little Lily Heart Memorial Headstone | Churchill Memorials,"Little Lily Children’s Memorials from Churchill Memorials. Granite memorial with professional installation across England, Scotland and Wales.",True,heart-memorial-headstone
little-moon,little-moon-black-granite-childrens-memorial-headstone,Little Moon,Children’s Memorials,Little Moon Childrens Memorial Headstone | Churchill Memorials,"Little Moon Children’s Memorials from Churchill Memorials. Black Granite memorial with professional installation across England, Scotland and Wales.",True,childrens-memorial-headstone
little-rainbow,little-rainbow-granite-childrens-memorial-headstone,Little Rainbow,Children’s Memorials,Little Rainbow Childrens Memorial Headstone | Churchill Memorials,"Little Rainbow Children’s Memorials from Churchill Memorials. Granite memorial with professional installation across England, Scotland and Wales.",True,childrens-memorial-headstone
little-star,little-star-granite-book-memorial-headstone,Little Star,Children’s Memorials,Little Star Book Memorial Headstone | Churchill Memorials,"Little Star Children’s Memorials from Churchill Memorials. Granite memorial with professional installation across England, Scotland and Wales.",True,book-memorial-headstone
love-heart,love-heart-black-granite-heart-memorial-headstone,Love Heart,Special Offers,Love Heart Heart Memorial Headstone | Churchill Memorials,"Love Heart Special Offers from Churchill Memorials. Black Granite memorial with professional installation across England, Scotland and Wales.",True,heart-memorial-headstone
love-story,love-story-granite-book-memorial-headstone,Love Story,Book Memorials,Love Story Book Memorial Headstone | Churchill Memorials,"Love Story Book Memorials from Churchill Memorials. Granite memorial with professional installation across England, Scotland and Wales.",True,book-memorial-headstone
loving-grace,loving-grace-granite-childrens-memorial-headstone,Loving Grace,Children’s Memorials,Loving Grace Childrens Memorial Headstone | Churchill Memorials,"Loving Grace Children’s Memorials from Churchill Memorials. Granite memorial with professional installation across England, Scotland and Wales.",True,childrens-memorial-headstone
mary-grace,mary-grace-granite-churchyard-cross-headstone,Mary Grace,Cemetery & Churchyard Headstones,Mary Grace Churchyard Cross Headstone | Churchill Memorials,"Mary Grace Cemetery & Churchyard Headstones from Churchill Memorials. Granite memorial with professional installation across England, Scotland and Wales.",True,churchyard-cross-headstone
meadow-grace,meadow-grace-granite-churchyard-cross-headstone,Meadow Grace,Cemetery & Churchyard Headstones,Meadow Grace Churchyard Cross Headstone | Churchill Memorials,"Meadow Grace Cemetery & Churchyard Headstones from Churchill Memorials. Granite memorial with professional installation across England, Scotland and Wales.",True,churchyard-cross-headstone
meadow-rest,meadow-rest-red-granite-kerb-set-memorial,Meadow Rest,Kerb Set Memorials & Full Length Headstones,Meadow Rest Kerb Set Memorial | Churchill Memorials,"Meadow Rest Kerb Set Memorials & Full Length Headstones from Churchill Memorials. Granite memorial with professional installation across England, Scotland and Wales.",True,kerb-set-memorial
meadow-stone,meadow-stone-granite-granite-headstone,Meadow Stone,Rustic & Hand Carved Memorials,Meadow Stone Granite Headstone | Churchill Memorials,"Meadow Stone Rustic & Hand Carved Memorials from Churchill Memorials. Granite memorial with professional installation across England, Scotland and Wales.",True,granite-headstone
memory-book,memory-book-granite-book-memorial-headstone,Memory Book,Cemetery & Churchyard Headstones,Memory Book Book Memorial Headstone | Churchill Memorials,"Memory Book Cemetery & Churchyard Headstones from Churchill Memorials. Granite memorial with professional installation across England, Scotland and Wales.",True,book-memorial-headstone
memory-garden,memory-garden-granite-kerb-set-memorial,Memory Garden,Bespoke Kerbset Memorials,Memory Garden Kerb Set Memorial | Churchill Memorials,"Memory Garden Bespoke Kerbset Memorials from Churchill Memorials. Granite memorial with professional installation across England, Scotland and Wales.",True,kerb-set-memorial
memory-heart,memory-heart-granite-heart-memorial-headstone,Memory Heart,Heart Memorials,Memory Heart Heart Memorial Headstone | Churchill Memorials,"Memory Heart Heart Memorials from Churchill Memorials. Granite memorial with professional installation across England, Scotland and Wales.",True,heart-memorial-headstone
memory-light,memory-light-granite-granite-headstone,Memory Light,Individual Bespoke Memorials,Memory Light Granite Headstone | Churchill Memorials,"Memory Light Individual Bespoke Memorials from Churchill Memorials. Granite memorial with professional installation across England, Scotland and Wales.",True,granite-headstone
memory-stone,memory-stone-granite-granite-headstone,Memory Stone,Special Offers,Memory Stone Granite Headstone | Churchill Memorials,"Memory Stone Special Offers from Churchill Memorials. Granite memorial with professional installation across England, Scotland and Wales.",True,granite-headstone
memory-vase,memory-vase-granite-cremation-memorial,Memory Vase,Cremation Memorials,Memory Vase Cremation Memorial | Churchill Memorials,"Memory Vase Cremation Memorials from Churchill Memorials. Granite memorial with professional installation across England, Scotland and Wales.",True,cremation-memorial
mercy-cross,mercy-cross-black-granite-churchyard-cross-headstone,Mercy Cross,Cemetery & Churchyard Headstones,Mercy Cross Churchyard Cross Headstone | Churchill Memorials,"Mercy Cross Cemetery & Churchyard Headstones from Churchill Memorials. Black Granite memorial with professional installation across England, Scotland and Wales.",True,churchyard-cross-headstone
mercy-grace,mercy-grace-red-granite-muslim-arabic-headstone,Mercy Grace,Arabic & Muslim Memorial Headstones,Mercy Grace Muslim Arabic Headstone | Churchill Memorials,"Mercy Grace Arabic & Muslim Memorial Headstones from Churchill Memorials. Granite memorial with professional installation across England, Scotland and Wales.",True,muslim-arabic-headstone
moon-grace,moon-grace-marble-churchyard-cross-headstone,Moon Grace,Churchyard & Marble Memorials,Moon Grace Churchyard Cross Headstone | Churchill Memorials,"Moon Grace Churchyard & Marble Memorials from Churchill Memorials. Marble memorial with professional installation across England, Scotland and Wales.",True,churchyard-cross-headstone
morning-grace,morning-grace-granite-churchyard-cross-headstone,Morning Grace,Cemetery & Churchyard Headstones,Morning Grace Churchyard Cross Headstone | Churchill Memorials,"Morning Grace Cemetery & Churchyard Headstones from Churchill Memorials. Granite memorial with professional installation across England, Scotland and Wales.",True,churchyard-cross-headstone
natural-grace,natural-grace-granite-granite-headstone,Natural Grace,Rustic & Hand Carved Memorials,Natural Grace Granite Headstone | Churchill Memorials,"Natural Grace Rustic & Hand Carved Memorials from Churchill Memorials. Granite memorial with professional installation across England, Scotland and Wales.",True,granite-headstone
noble-grace,noble-grace-granite-heart-memorial-headstone,Noble Grace,Children’s Memorials,Noble Grace Heart Memorial Headstone | Churchill Memorials,"Noble Grace Children’s Memorials from Churchill Memorials. Granite memorial with professional installation across England, Scotland and Wales.",True,heart-memorial-headstone
noble-rest,noble-rest-granite-kerb-set-memorial,Noble Rest,Bespoke Kerbset Memorials,Noble Rest Kerb Set Memorial | Churchill Memorials,"Noble Rest Bespoke Kerbset Memorials from Churchill Memorials. Granite memorial with professional installation across England, Scotland and Wales.",True,kerb-set-memorial
noor-grace,noor-grace-granite-kerb-set-memorial,Noor Grace,Arabic & Muslim Memorial Headstones,Noor Grace Kerb Set Memorial | Churchill Memorials,"Noor Grace Arabic & Muslim Memorial Headstones from Churchill Memorials. Granite memorial with professional installation across England, Scotland and Wales.",True,kerb-set-memorial
noor-stone,noor-stone-granite-kerb-set-memorial,Noor Stone,Arabic & Muslim Memorial Headstones,Noor Stone Kerb Set Memorial | Churchill Memorials,"Noor Stone Arabic & Muslim Memorial Headstones from Churchill Memorials. Granite memorial with professional installation across England, Scotland and Wales.",True,kerb-set-memorial
oak-garden,oak-garden-granite-kerb-set-memorial,Oak Garden,Bespoke Kerbset Memorials,Oak Garden Kerb Set Memorial | Churchill Memorials,"Oak Garden Bespoke Kerbset Memorials from Churchill Memorials. Granite memorial with professional installation across England, Scotland and Wales.",True,kerb-set-memorial
oak-grace,oak-grace-marble-churchyard-cross-headstone,Oak Grace,Churchyard & Marble Memorials,Oak Grace Churchyard Cross Headstone | Churchill Memorials,"Oak Grace Churchyard & Marble Memorials from Churchill Memorials. Marble memorial with professional installation across England, Scotland and Wales.",True,churchyard-cross-headstone
oak-stone,oak-stone-granite-churchyard-cross-headstone,Oak Stone,Rustic & Hand Carved Memorials,Oak Stone Churchyard Cross Headstone | Churchill Memorials,"Oak Stone Rustic & Hand Carved Memorials from Churchill Memorials. Granite memorial with professional installation across England, Scotland and Wales.",True,churchyard-cross-headstone
opal-grace,opal-grace-marble-churchyard-cross-headstone,Opal Grace,Churchyard & Marble Memorials,Opal Grace Churchyard Cross Headstone | Churchill Memorials,"Opal Grace Churchyard & Marble Memorials from Churchill Memorials. Marble memorial with professional installation across England, Scotland and Wales.",True,churchyard-cross-headstone
orchid-grace,orchid-grace-black-granite-granite-headstone,Orchid Grace,Individual Bespoke Memorials,Orchid Grace Granite Headstone | Churchill Memorials,"Orchid Grace Individual Bespoke Memorials from Churchill Memorials. Black Granite memorial with professional installation across England, Scotland and Wales.",True,granite-headstone
peace-book,peace-book-granite-kerb-set-memorial,Peace Book,Bespoke Kerbset Memorials,Peace Book Kerb Set Memorial | Churchill Memorials,"Peace Book Bespoke Kerbset Memorials from Churchill Memorials. Granite memorial with professional installation across England, Scotland and Wales.",True,kerb-set-memorial
peace-cross,peace-cross-granite-churchyard-cross-headstone,Peace Cross,Cemetery & Churchyard Headstones,Peace Cross Churchyard Cross Headstone | Churchill Memorials,"Peace Cross Cemetery & Churchyard Headstones from Churchill Memorials. Granite memorial with professional installation across England, Scotland and Wales.",True,churchyard-cross-headstone
peace-dove,peace-dove-marble-churchyard-cross-headstone,Peace Dove,Churchyard & Marble Memorials,Peace Dove Churchyard Cross Headstone | Churchill Memorials,"Peace Dove Churchyard & Marble Memorials from Churchill Memorials. Marble memorial with professional installation across England, Scotland and Wales.",True,churchyard-cross-headstone
peace-garden,peace-garden-granite-kerb-set-memorial,Peace Garden,Kerb Set Memorials & Full Length Headstones,Peace Garden Kerb Set Memorial | Churchill Memorials,"Peace Garden Kerb Set Memorials & Full Length Headstones from Churchill Memorials. Granite memorial with professional installation across England, Scotland and Wales.",True,kerb-set-memorial
peace-heart,peace-heart-granite-heart-memorial-headstone,Peace Heart,Cremation Memorials,Peace Heart Heart Memorial Headstone | Churchill Memorials,"Peace Heart Cremation Memorials from Churchill Memorials. Granite memorial with professional installation across England, Scotland and Wales.",True,heart-memorial-headstone
peace-light,peace-light-granite-granite-headstone,Peace Light,Individual Bespoke Memorials,Peace Light Granite Headstone | Churchill Memorials,"Peace Light Individual Bespoke Memorials from Churchill Memorials. Granite memorial with professional installation across England, Scotland and Wales.",True,granite-headstone
peace-prayer,peace-prayer-granite-heart-memorial-headstone,Peace Prayer,Arabic & Muslim Memorial Headstones,Peace Prayer Heart Memorial Headstone | Churchill Memorials,"Peace Prayer Arabic & Muslim Memorial Headstones from Churchill Memorials. Granite memorial with professional installation across England, Scotland and Wales.",True,heart-memorial-headstone
peace-stone,peace-stone-black-granite-granite-headstone,Peace Stone,Special Offers,Peace Stone Granite Headstone | Churchill Memorials,"Peace Stone Special Offers from Churchill Memorials. Black Granite memorial with professional installation across England, Scotland and Wales.",True,granite-headstone
peace-vase,peace-vase-granite-memorial-vase,Peace Vase,Cemetery & Churchyard Headstones,Peace Vase Memorial Vase | Churchill Memorials,"Peace Vase Cemetery & Churchyard Headstones from Churchill Memorials. Granite memorial with professional installation across England, Scotland and Wales.",True,memorial-vase
pearl-garden,pearl-garden-granite-kerb-set-memorial,Pearl Garden,Bespoke Kerbset Memorials,Pearl Garden Kerb Set Memorial | Churchill Memorials,"Pearl Garden Bespoke Kerbset Memorials from Churchill Memorials. Granite memorial with professional installation across England, Scotland and Wales.",True,kerb-set-memorial
pearl-grace,pearl-grace-grey-granite-churchyard-cross-headstone,Pearl Grace,Cemetery & Churchyard Headstones,Pearl Grace Churchyard Cross Headstone | Churchill Memorials,"Pearl Grace Cemetery & Churchyard Headstones from Churchill Memorials. Grey Granite memorial with professional installation across England, Scotland and Wales.",True,churchyard-cross-headstone
pearl-vase,pearl-vase-granite-cremation-memorial,Pearl Vase,Cremation Memorials,Pearl Vase Cremation Memorial | Churchill Memorials,"Pearl Vase Cremation Memorials from Churchill Memorials. Granite memorial with professional installation across England, Scotland and Wales.",True,cremation-memorial
prayer-cross,prayer-cross-granite-churchyard-cross-headstone,Prayer Cross,Cemetery & Churchyard Headstones,Prayer Cross Churchyard Cross Headstone | Churchill Memorials,"Prayer Cross Cemetery & Churchyard Headstones from Churchill Memorials. Granite memorial with professional installation across England, Scotland and Wales.",True,churchyard-cross-headstone
precious-dove,precious-dove-granite-heart-memorial-headstone,Precious Dove,Children’s Memorials,Precious Dove Heart Memorial Headstone | Churchill Memorials,"Precious Dove Children’s Memorials from Churchill Memorials. Granite memorial with professional installation across England, Scotland and Wales.",True,heart-memorial-headstone
precious-star,precious-star-marble-childrens-memorial-headstone,Precious Star,Children’s Memorials,Precious Star Childrens Memorial Headstone | Churchill Memorials,"Precious Star Children’s Memorials from Churchill Memorials. Marble memorial with professional installation across England, Scotland and Wales.",True,childrens-memorial-headstone
quiet-garden,quiet-garden-granite-kerb-set-memorial,Quiet Garden,Kerb Set Memorials & Full Length Headstones,Quiet Garden Kerb Set Memorial | Churchill Memorials,"Quiet Garden Kerb Set Memorials & Full Length Headstones from Churchill Memorials. Granite memorial with professional installation across England, Scotland and Wales.",True,kerb-set-memorial
quiet-grace,quiet-grace-granite-granite-headstone,Quiet Grace,Special Offers,Quiet Grace Granite Headstone | Churchill Memorials,"Quiet Grace Special Offers from Churchill Memorials. Granite memorial with professional installation across England, Scotland and Wales.",True,granite-headstone
quiet-heart,quiet-heart-granite-heart-memorial-headstone,Quiet Heart,Heart Memorials,Quiet Heart Heart Memorial Headstone | Churchill Memorials,"Quiet Heart Heart Memorials from Churchill Memorials. Granite memorial with professional installation across England, Scotland and Wales.",True,heart-memorial-headstone
quiet-light,quiet-light-granite-heart-memorial-headstone,Quiet Light,Heart Memorials,Quiet Light Heart Memorial Headstone | Churchill Memorials,"Quiet Light Heart Memorials from Churchill Memorials. Granite memorial with professional installation across England, Scotland and Wales.",True,heart-memorial-headstone
quiet-oak,quiet-oak-granite-granite-headstone,Quiet Oak,Rustic & Hand Carved Memorials,Quiet Oak Granite Headstone | Churchill Memorials,"Quiet Oak Rustic & Hand Carved Memorials from Churchill Memorials. Granite memorial with professional installation across England, Scotland and Wales.",True,granite-headstone
quiet-vase,quiet-vase-granite-cremation-memorial,Quiet Vase,Cremation Memorials,Quiet Vase Cremation Memorial | Churchill Memorials,"Quiet Vase Cremation Memorials from Churchill Memorials. Granite memorial with professional installation across England, Scotland and Wales.",True,cremation-memorial
quiet-verse,quiet-verse-granite-book-memorial-headstone,Quiet Verse,Book Memorials,Quiet Verse Book Memorial Headstone | Churchill Memorials,"Quiet Verse Book Memorials from Churchill Memorials. Granite memorial with professional installation across England, Scotland and Wales.",True,book-memorial-headstone
remembrance-book,remembrance-book-granite-book-memorial-headstone,Remembrance Book,Book Memorials,Remembrance Book Book Memorial Headstone | Churchill Memorials,"Remembrance Book Book Memorials from Churchill Memorials. Granite memorial with professional installation across England, Scotland and Wales.",True,book-memorial-headstone
remembrance-vase,remembrance-vase-granite-memorial-vase,Remembrance Vase,Cemetery & Churchyard Headstones,Remembrance Vase Memorial Vase | Churchill Memorials,"Remembrance Vase Cemetery & Churchyard Headstones from Churchill Memorials. Granite memorial with professional installation across England, Scotland and Wales.",True,memorial-vase
restful-stone,restful-stone-black-granite-childrens-memorial-headstone,Restful Stone,Children’s Memorials,Restful Stone Childrens Memorial Headstone | Churchill Memorials,"Restful Stone Children’s Memorials from Churchill Memorials. Black Granite memorial with professional installation across England, Scotland and Wales.",True,childrens-memorial-headstone
river-grace,river-grace-marble-churchyard-cross-headstone,River Grace,Churchyard & Marble Memorials,River Grace Churchyard Cross Headstone | Churchill Memorials,"River Grace Churchyard & Marble Memorials from Churchill Memorials. Marble memorial with professional installation across England, Scotland and Wales.",True,churchyard-cross-headstone
river-stone,river-stone-granite-granite-headstone,River Stone,Rustic & Hand Carved Memorials,River Stone Granite Headstone | Churchill Memorials,"River Stone Rustic & Hand Carved Memorials from Churchill Memorials. Granite memorial with professional installation across England, Scotland and Wales.",True,granite-headstone
rose-cross,rose-cross-granite-churchyard-cross-headstone,Rose Cross,Cemetery & Churchyard Headstones,Rose Cross Churchyard Cross Headstone | Churchill Memorials,"Rose Cross Cemetery & Churchyard Headstones from Churchill Memorials. Granite memorial with professional installation across England, Scotland and Wales.",True,churchyard-cross-headstone
rose-garden,rose-garden-granite-kerb-set-memorial,Rose Garden,Kerb Set Memorials & Full Length Headstones,Rose Garden Kerb Set Memorial | Churchill Memorials,"Rose Garden Kerb Set Memorials & Full Length Headstones from Churchill Memorials. Granite memorial with professional installation across England, Scotland and Wales.",True,kerb-set-memorial
rose-grace,rose-grace-black-granite-granite-headstone,Rose Grace,Special Offers,Rose Grace Granite Headstone | Churchill Memorials,"Rose Grace Special Offers from Churchill Memorials. Black Granite memorial with professional installation across England, Scotland and Wales.",True,granite-headstone
rose-heart,rose-heart-grey-granite-heart-memorial-headstone,Rose Heart,Special Offers,Rose Heart Heart Memorial Headstone | Churchill Memorials,"Rose Heart Special Offers from Churchill Memorials. Grey Granite memorial with professional installation across England, Scotland and Wales.",True,heart-memorial-headstone
rose-light,rose-light-granite-book-memorial-headstone,Rose Light,Special Offers,Rose Light Book Memorial Headstone | Churchill Memorials,"Rose Light Special Offers from Churchill Memorials. Granite memorial with professional installation across England, Scotland and Wales.",True,book-memorial-headstone
rose-vase,rose-vase-granite-memorial-vase,Rose Vase,Cemetery & Churchyard Headstones,Rose Vase Memorial Vase | Churchill Memorials,"Rose Vase Cemetery & Churchyard Headstones from Churchill Memorials. Granite memorial with professional installation across England, Scotland and Wales.",True,memorial-vase
rose-verse,rose-verse-black-granite-book-memorial-headstone,Rose Verse,Book Memorials,Rose Verse Book Memorial Headstone | Churchill Memorials,"Rose Verse Book Memorials from Churchill Memorials. Black Granite memorial with professional installation across England, Scotland and Wales.",True,book-memorial-headstone
ruby-grace,ruby-grace-granite-book-memorial-headstone,Ruby Grace,Cremation Memorials,Ruby Grace Book Memorial Headstone | Churchill Memorials,"Ruby Grace Cremation Memorials from Churchill Memorials. Granite memorial with professional installation across England, Scotland and Wales.",True,book-memorial-headstone
ruby-heart,ruby-heart-granite-heart-memorial-headstone,Ruby Heart,Heart Memorials,Ruby Heart Heart Memorial Headstone | Churchill Memorials,"Ruby Heart Heart Memorials from Churchill Memorials. Granite memorial with professional installation across England, Scotland and Wales.",True,heart-memorial-headstone
rustic-grace,rustic-grace-granite-granite-headstone,Rustic Grace,Rustic & Hand Carved Memorials,Rustic Grace Granite Headstone | Churchill Memorials,"Rustic Grace Rustic & Hand Carved Memorials from Churchill Memorials. Granite memorial with professional installation across England, Scotland and Wales.",True,granite-headstone
sable-grace,sable-grace-granite-cremation-memorial,Sable Grace,Cremation Memorials,Sable Grace Cremation Memorial | Churchill Memorials,"Sable Grace Cremation Memorials from Churchill Memorials. Granite memorial with professional installation across England, Scotland and Wales.",True,cremation-memorial
sabr-grace,sabr-grace-marble-kerb-set-memorial,Sabr Grace,Arabic & Muslim Memorial Headstones,Sabr Grace Kerb Set Memorial | Churchill Memorials,"Sabr Grace Arabic & Muslim Memorial Headstones from Churchill Memorials. Marble memorial with professional installation across England, Scotland and Wales.",True,kerb-set-memorial
sacred-book,sacred-book-red-granite-book-memorial-headstone,Sacred Book,Book Memorials,Sacred Book Book Memorial Headstone | Churchill Memorials,"Sacred Book Book Memorials from Churchill Memorials. Granite memorial with professional installation across England, Scotland and Wales.",True,book-memorial-headstone
sacred-cross,sacred-cross-red-granite-churchyard-cross-headstone,Sacred Cross,Special Offers,Sacred Cross Churchyard Cross Headstone | Churchill Memorials,"Sacred Cross Special Offers from Churchill Memorials. Granite memorial with professional installation across England, Scotland and Wales.",True,churchyard-cross-headstone
sacred-grace,sacred-grace-red-granite-granite-headstone,Sacred Grace,Individual Bespoke Memorials,Sacred Grace Granite Headstone | Churchill Memorials,"Sacred Grace Individual Bespoke Memorials from Churchill Memorials. Granite memorial with professional installation across England, Scotland and Wales.",True,granite-headstone
sacred-prayer,sacred-prayer-red-granite-muslim-arabic-headstone,Sacred Prayer,Arabic & Muslim Memorial Headstones,Sacred Prayer Muslim Arabic Headstone | Churchill Memorials,"Sacred Prayer Arabic & Muslim Memorial Headstones from Churchill Memorials. Granite memorial with professional installation across England, Scotland and Wales.",True,muslim-arabic-headstone
saint-grace,saint-grace-granite-churchyard-cross-headstone,Saint Grace,Cemetery & Churchyard Headstones,Saint Grace Churchyard Cross Headstone | Churchill Memorials,"Saint Grace Cemetery & Churchyard Headstones from Churchill Memorials. Granite memorial with professional installation across England, Scotland and Wales.",True,churchyard-cross-headstone
salaam-grace,salaam-grace-red-granite-kerb-set-memorial,Salaam Grace,Arabic & Muslim Memorial Headstones,Salaam Grace Kerb Set Memorial | Churchill Memorials,"Salaam Grace Arabic & Muslim Memorial Headstones from Churchill Memorials. Granite memorial with professional installation across England, Scotland and Wales.",True,kerb-set-memorial
salaam-stone,salaam-stone-granite-kerb-set-memorial,Salaam Stone,Arabic & Muslim Memorial Headstones,Salaam Stone Kerb Set Memorial | Churchill Memorials,"Salaam Stone Arabic & Muslim Memorial Headstones from Churchill Memorials. Granite memorial with professional installation across England, Scotland and Wales.",True,kerb-set-memorial
sanctuary-rest,sanctuary-rest-black-granite-kerb-set-memorial,Sanctuary Rest,Kerb Set Memorials & Full Length Headstones,Sanctuary Rest Kerb Set Memorial | Churchill Memorials,"Sanctuary Rest Kerb Set Memorials & Full Length Headstones from Churchill Memorials. Black Granite memorial with professional installation across England, Scotland and Wales.",True,kerb-set-memorial
serene-garden,serene-garden-granite-kerb-set-memorial,Serene Garden,Kerb Set Memorials & Full Length Headstones,Serene Garden Kerb Set Memorial | Churchill Memorials,"Serene Garden Kerb Set Memorials & Full Length Headstones from Churchill Memorials. Granite memorial with professional installation across England, Scotland and Wales.",True,kerb-set-memorial
serene-stone,serene-stone-blue-granite-churchyard-cross-headstone,Serene Stone,Cemetery & Churchyard Headstones,Serene Stone Churchyard Cross Headstone | Churchill Memorials,"Serene Stone Cemetery & Churchyard Headstones from Churchill Memorials. Bahama Blue memorial with professional installation across England, Scotland and Wales.",True,churchyard-cross-headstone
silver-grace,silver-grace-black-granite-churchyard-cross-headstone,Silver Grace,Cemetery & Churchyard Headstones,Silver Grace Churchyard Cross Headstone | Churchill Memorials,"Silver Grace Cemetery & Churchyard Headstones from Churchill Memorials. Black Granite memorial with professional installation across England, Scotland and Wales.",True,churchyard-cross-headstone
silver-light,silver-light-grey-granite-granite-headstone,Silver Light,Individual Bespoke Memorials,Silver Light Granite Headstone | Churchill Memorials,"Silver Light Individual Bespoke Memorials from Churchill Memorials. Grey Granite memorial with professional installation across England, Scotland and Wales.",True,granite-headstone
silver-rest,silver-rest-granite-kerb-set-memorial,Silver Rest,Rustic & Hand Carved Memorials,Silver Rest Kerb Set Memorial | Churchill Memorials,"Silver Rest Rustic & Hand Carved Memorials from Churchill Memorials. Granite memorial with professional installation across England, Scotland and Wales.",True,kerb-set-memorial
soft-angel,soft-angel-granite-kerb-set-memorial,Soft Angel,Kerb Set Memorials & Full Length Headstones,Soft Angel Kerb Set Memorial | Churchill Memorials,"Soft Angel Kerb Set Memorials & Full Length Headstones from Churchill Memorials. Granite memorial with professional installation across England, Scotland and Wales.",True,kerb-set-memorial
soft-grace,soft-grace-grey-granite-granite-headstone,Soft Grace,Special Offers,Soft Grace Granite Headstone | Churchill Memorials,"Soft Grace Special Offers from Churchill Memorials. Grey Granite memorial with professional installation across England, Scotland and Wales.",True,granite-headstone
soft-heart,soft-heart-granite-heart-memorial-headstone,Soft Heart,Heart Memorials,Soft Heart Heart Memorial Headstone | Churchill Memorials,"Soft Heart Heart Memorials from Churchill Memorials. Granite memorial with professional installation across England, Scotland and Wales.",True,heart-memorial-headstone
soft-light,soft-light-black-granite-book-memorial-headstone,Soft Light,Cremation Memorials,Soft Light Book Memorial Headstone | Churchill Memorials,"Soft Light Cremation Memorials from Churchill Memorials. Black Granite memorial with professional installation across England, Scotland and Wales.",True,book-memorial-headstone
soft-rose,soft-rose-black-granite-granite-headstone,Soft Rose,Special Offers,Soft Rose Granite Headstone | Churchill Memorials,"Soft Rose Special Offers from Churchill Memorials. Black Granite memorial with professional installation across England, Scotland and Wales.",True,granite-headstone
soft-star,soft-star-granite-heart-memorial-headstone,Soft Star,Children’s Memorials,Soft Star Heart Memorial Headstone | Churchill Memorials,"Soft Star Children’s Memorials from Churchill Memorials. Granite memorial with professional installation across England, Scotland and Wales.",True,heart-memorial-headstone
soft-willow,soft-willow-granite-granite-headstone,Soft Willow,Rustic & Hand Carved Memorials,Soft Willow Granite Headstone | Churchill Memorials,"Soft Willow Rustic & Hand Carved Memorials from Churchill Memorials. Granite memorial with professional installation across England, Scotland and Wales.",True,granite-headstone
star-grace,star-grace-marble-churchyard-cross-headstone,Star Grace,Churchyard & Marble Memorials,Star Grace Churchyard Cross Headstone | Churchill Memorials,"Star Grace Churchyard & Marble Memorials from Churchill Memorials. Marble memorial with professional installation across England, Scotland and Wales.",True,churchyard-cross-headstone
still-grace,still-grace-black-granite-churchyard-cross-headstone,Still Grace,Cemetery & Churchyard Headstones,Still Grace Churchyard Cross Headstone | Churchill Memorials,"Still Grace Cemetery & Churchyard Headstones from Churchill Memorials. Black Granite memorial with professional installation across England, Scotland and Wales.",True,churchyard-cross-headstone
still-light,still-light-granite-churchyard-cross-headstone,Still Light,Individual Bespoke Memorials,Still Light Churchyard Cross Headstone | Churchill Memorials,"Still Light Individual Bespoke Memorials from Churchill Memorials. Granite memorial with professional installation across England, Scotland and Wales.",True,churchyard-cross-headstone
stone-garden,stone-garden-granite-kerb-set-memorial,Stone Garden,Bespoke Kerbset Memorials,Stone Garden Kerb Set Memorial | Churchill Memorials,"Stone Garden Bespoke Kerbset Memorials from Churchill Memorials. Granite memorial with professional installation across England, Scotland and Wales.",True,kerb-set-memorial
sweet-dream,sweet-dream-granite-childrens-memorial-headstone,Sweet Dream,Children’s Memorials,Sweet Dream Childrens Memorial Headstone | Churchill Memorials,"Sweet Dream Children’s Memorials from Churchill Memorials. Granite memorial with professional installation across England, Scotland and Wales.",True,childrens-memorial-headstone
sweet-heart,sweet-heart-granite-heart-memorial-headstone,Sweet Heart,Heart Memorials,Sweet Heart Heart Memorial Headstone | Churchill Memorials,"Sweet Heart Heart Memorials from Churchill Memorials. Granite memorial with professional installation across England, Scotland and Wales.",True,heart-memorial-headstone
sweet-meadow,sweet-meadow-granite-childrens-memorial-headstone,Sweet Meadow,Children’s Memorials,Sweet Meadow Childrens Memorial Headstone | Churchill Memorials,"Sweet Meadow Children’s Memorials from Churchill Memorials. Granite memorial with professional installation across England, Scotland and Wales.",True,childrens-memorial-headstone
tender-grace,tender-grace-granite-granite-headstone,Tender Grace,Individual Bespoke Memorials,Tender Grace Granite Headstone | Churchill Memorials,"Tender Grace Individual Bespoke Memorials from Churchill Memorials. Granite memorial with professional installation across England, Scotland and Wales.",True,granite-headstone
tender-heart,tender-heart-granite-heart-memorial-headstone,Tender Heart,Children’s Memorials,Tender Heart Heart Memorial Headstone | Churchill Memorials,"Tender Heart Children’s Memorials from Churchill Memorials. Granite memorial with professional installation across England, Scotland and Wales.",True,heart-memorial-headstone
tender-star,tender-star-granite-childrens-memorial-headstone,Tender Star,Children’s Memorials,Tender Star Childrens Memorial Headstone | Churchill Memorials,"Tender Star Children’s Memorials from Churchill Memorials. Granite memorial with professional installation across England, Scotland and Wales.",True,childrens-memorial-headstone
tender-vase,tender-vase-granite-cremation-memorial,Tender Vase,Cremation Memorials,Tender Vase Cremation Memorial | Churchill Memorials,"Tender Vase Cremation Memorials from Churchill Memorials. Granite memorial with professional installation across England, Scotland and Wales.",True,cremation-memorial
tender-verse,tender-verse-granite-book-memorial-headstone,Tender Verse,Book Memorials,Tender Verse Book Memorial Headstone | Churchill Memorials,"Tender Verse Book Memorials from Churchill Memorials. Granite memorial with professional installation across England, Scotland and Wales.",True,book-memorial-headstone
tiny-angel,tiny-angel-red-granite-kerb-set-memorial,Tiny Angel,Kerb Set Memorials & Full Length Headstones,Tiny Angel Kerb Set Memorial | Churchill Memorials,"Tiny Angel Kerb Set Memorials & Full Length Headstones from Churchill Memorials. Granite memorial with professional installation across England, Scotland and Wales.",True,kerb-set-memorial
tiny-rose,tiny-rose-granite-kerb-set-memorial,Tiny Rose,Children’s Memorials,Tiny Rose Kerb Set Memorial | Churchill Memorials,"Tiny Rose Children’s Memorials from Churchill Memorials. Granite memorial with professional installation across England, Scotland and Wales.",True,kerb-set-memorial
true-grace,true-grace-granite-childrens-memorial-headstone,True Grace,Children’s Memorials,True Grace Childrens Memorial Headstone | Churchill Memorials,"True Grace Children’s Memorials from Churchill Memorials. Granite memorial with professional installation across England, Scotland and Wales.",True,childrens-memorial-headstone
true-heart,true-heart-granite-heart-memorial-headstone,True Heart,Heart Memorials,True Heart Heart Memorial Headstone | Churchill Memorials,"True Heart Heart Memorials from Churchill Memorials. Granite memorial with professional installation across England, Scotland and Wales.",True,heart-memorial-headstone
vale-stone,vale-stone-marble-churchyard-cross-headstone,Vale Stone,Churchyard & Marble Memorials,Vale Stone Churchyard Cross Headstone | Churchill Memorials,"Vale Stone Churchyard & Marble Memorials from Churchill Memorials. Marble memorial with professional installation across England, Scotland and Wales.",True,churchyard-cross-headstone
vista-grace,vista-grace-marble-churchyard-cross-headstone,Vista Grace,Churchyard & Marble Memorials,Vista Grace Churchyard Cross Headstone | Churchill Memorials,"Vista Grace Churchyard & Marble Memorials from Churchill Memorials. Marble memorial with professional installation across England, Scotland and Wales.",True,churchyard-cross-headstone
willow-garden,willow-garden-red-granite-kerb-set-memorial,Willow Garden,Kerb Set Memorials & Full Length Headstones,Willow Garden Kerb Set Memorial | Churchill Memorials,"Willow Garden Kerb Set Memorials & Full Length Headstones from Churchill Memorials. Granite memorial with professional installation across England, Scotland and Wales.",True,kerb-set-memorial
willow-grace,willow-grace-granite-churchyard-cross-headstone,Willow Grace,Cemetery & Churchyard Headstones,Willow Grace Churchyard Cross Headstone | Churchill Memorials,"Willow Grace Cemetery & Churchyard Headstones from Churchill Memorials. Granite memorial with professional installation across England, Scotland and Wales.",True,churchyard-cross-headstone
willow-heart,willow-heart-granite-heart-memorial-headstone,Willow Heart,Heart Memorials,Willow Heart Heart Memorial Headstone | Churchill Memorials,"Willow Heart Heart Memorials from Churchill Memorials. Granite memorial with professional installation across England, Scotland and Wales.",True,heart-memorial-headstone
willow-stone,willow-stone-granite-churchyard-cross-headstone,Willow Stone,Rustic & Hand Carved Memorials,Willow Stone Churchyard Cross Headstone | Churchill Memorials,"Willow Stone Rustic & Hand Carved Memorials from Churchill Memorials. Granite memorial with professional installation across England, Scotland and Wales.",True,churchyard-cross-headstone
willow-vase,willow-vase-granite-cremation-memorial,Willow Vase,Cremation Memorials,Willow Vase Cremation Memorial | Churchill Memorials,"Willow Vase Cremation Memorials from Churchill Memorials. Granite memorial with professional installation across England, Scotland and Wales.",True,cremation-memorial
willow-verse,willow-verse-granite-book-memorial-headstone,Willow Verse,Book Memorials,Willow Verse Book Memorial Headstone | Churchill Memorials,"Willow Verse Book Memorials from Churchill Memorials. Granite memorial with professional installation across England, Scotland and Wales.",True,book-memorial-headstone
woodland-stone,woodland-stone-granite-granite-headstone,Woodland Stone,Rustic & Hand Carved Memorials,Woodland Stone Granite Headstone | Churchill Memorials,"Woodland Stone Rustic & Hand Carved Memorials from Churchill Memorials. Granite memorial with professional installation across England, Scotland and Wales.",True,granite-headstone
