file,title,meta_description_length,canonical,h1_count,image_count,missing_alt,missing_loading
index.html,Churchill Memorials — Desktop Rebuild Prototype,172,https://churchillmemorials.co.uk/,15,23,0,0
memorial-range/index.html,Memorial Range | Churchill Memorials,125,https://churchillmemorials.co.uk/memorial-range/,1,13,0,0
recent-installations/index.html,Recent Installations | Churchill Memorials,102,https://churchillmemorials.co.uk/recent-installations/,2,0,0,0
colour-samples/index.html,Memorial Colour Samples | Churchill Memorials,76,https://churchillmemorials.co.uk/colour-samples/,2,0,0,0
headstone-inscriptions/index.html,Headstone Inscriptions & Memorial Verses | Churchill Memorials,155,https://churchillmemorials.co.uk/headstone-inscriptions/,2,0,0,0
about/index.html,About Churchill Memorials | Churchill Memorials,109,https://churchillmemorials.co.uk/about/,2,0,0,0
product/grace-stone/index.html,Grace Stone | Churchill Memorials,147,https://churchillmemorials.co.uk/product/grace-stone/,1,2,0,0
product/peace-stone/index.html,Peace Stone | Churchill Memorials,147,https://churchillmemorials.co.uk/product/peace-stone/,1,2,0,0
product/quiet-grace/index.html,Quiet Grace | Churchill Memorials,147,https://churchillmemorials.co.uk/product/quiet-grace/,1,1,0,0
product/sacred-cross/index.html,Sacred Cross | Churchill Memorials,148,https://churchillmemorials.co.uk/product/sacred-cross/,1,2,0,0
product/heart-grace/index.html,Heart Grace | Churchill Memorials,147,https://churchillmemorials.co.uk/product/heart-grace/,1,2,0,0
product/love-heart/index.html,Love Heart | Churchill Memorials,146,https://churchillmemorials.co.uk/product/love-heart/,1,1,0,0
product/lily-grace/index.html,Lily Grace | Churchill Memorials,152,https://churchillmemorials.co.uk/product/lily-grace/,1,1,0,0
product/soft-grace/index.html,Soft Grace | Churchill Memorials,152,https://churchillmemorials.co.uk/product/soft-grace/,1,3,0,0
product/rose-grace/index.html,Rose Grace | Churchill Memorials,152,https://churchillmemorials.co.uk/product/rose-grace/,1,1,0,0
product/rose-heart/index.html,Rose Heart | Churchill Memorials,152,https://churchillmemorials.co.uk/product/rose-heart/,1,1,0,0
product/eternal-grace/index.html,Eternal Grace | Churchill Memorials,155,https://churchillmemorials.co.uk/product/eternal-grace/,1,1,0,0
product/rose-light/index.html,Rose Light | Churchill Memorials,152,https://churchillmemorials.co.uk/product/rose-light/,1,1,0,0
product/garden-rose/index.html,Garden Rose | Churchill Memorials,153,https://churchillmemorials.co.uk/product/garden-rose/,1,1,0,0
product/gentle-grace/index.html,Gentle Grace | Churchill Memorials,154,https://churchillmemorials.co.uk/product/gentle-grace/,1,1,0,0
product/faith-cross/index.html,Faith Cross | Churchill Memorials,153,https://churchillmemorials.co.uk/product/faith-cross/,1,1,0,0
product/soft-rose/index.html,Soft Rose | Churchill Memorials,155,https://churchillmemorials.co.uk/product/soft-rose/,1,1,0,0
product/memory-stone/index.html,Memory Stone | Churchill Memorials,154,https://churchillmemorials.co.uk/product/memory-stone/,1,1,0,0
product/holy-grace/index.html,Holy Grace | Churchill Memorials,146,https://churchillmemorials.co.uk/product/holy-grace/,1,3,0,0
product/daisy-grace/index.html,Daisy Grace | Churchill Memorials,147,https://churchillmemorials.co.uk/product/daisy-grace/,1,1,0,0
product/heritage-stone/index.html,Heritage Stone | Churchill Memorials,156,https://churchillmemorials.co.uk/product/heritage-stone/,1,2,0,0
product/peace-cross/index.html,Peace Cross | Churchill Memorials,157,https://churchillmemorials.co.uk/product/peace-cross/,1,1,0,0
product/mary-grace/index.html,Mary Grace | Churchill Memorials,156,https://churchillmemorials.co.uk/product/mary-grace/,1,1,0,0
product/grace-cross/index.html,Grace Cross | Churchill Memorials,149,https://churchillmemorials.co.uk/product/grace-cross/,1,1,0,0
product/angel-cross/index.html,Angel Cross | Churchill Memorials,149,https://churchillmemorials.co.uk/product/angel-cross/,1,1,0,0
product/prayer-cross/index.html,Prayer Cross | Churchill Memorials,150,https://churchillmemorials.co.uk/product/prayer-cross/,1,1,0,0
product/hope-cross/index.html,Hope Cross | Churchill Memorials,157,https://churchillmemorials.co.uk/product/hope-cross/,1,1,0,0
product/blessed-cross/index.html,Blessed Cross | Churchill Memorials,151,https://churchillmemorials.co.uk/product/blessed-cross/,1,1,0,0
product/memory-book/index.html,Memory Book | Churchill Memorials,149,https://churchillmemorials.co.uk/product/memory-book/,1,1,0,0
product/saint-grace/index.html,Saint Grace | Churchill Memorials,149,https://churchillmemorials.co.uk/product/saint-grace/,1,1,0,0
product/heaven-cross/index.html,Heaven Cross | Churchill Memorials,150,https://churchillmemorials.co.uk/product/heaven-cross/,1,1,0,0
product/divine-peace/index.html,Divine Peace | Churchill Memorials,150,https://churchillmemorials.co.uk/product/divine-peace/,1,1,0,0
product/remembrance-vase/index.html,Remembrance Vase | Churchill Memorials,154,https://churchillmemorials.co.uk/product/remembrance-vase/,1,1,0,0
product/dove-grace/index.html,Dove Grace | Churchill Memorials,157,https://churchillmemorials.co.uk/product/dove-grace/,1,1,0,0
product/chapel-cross/index.html,Chapel Cross | Churchill Memorials,150,https://churchillmemorials.co.uk/product/chapel-cross/,1,1,0,0
product/dove-heart/index.html,Dove Heart | Churchill Memorials,157,https://churchillmemorials.co.uk/product/dove-heart/,1,1,0,0
product/eternal-heart/index.html,Eternal Heart | Churchill Memorials,151,https://churchillmemorials.co.uk/product/eternal-heart/,1,1,0,0
product/mercy-cross/index.html,Mercy Cross | Churchill Memorials,149,https://churchillmemorials.co.uk/product/mercy-cross/,1,1,0,0
product/light-cross/index.html,Light Cross | Churchill Memorials,149,https://churchillmemorials.co.uk/product/light-cross/,1,1,0,0
product/eternal-cross/index.html,Eternal Cross | Churchill Memorials,151,https://churchillmemorials.co.uk/product/eternal-cross/,1,1,0,0
product/lily-cross/index.html,Lily Cross | Churchill Memorials,157,https://churchillmemorials.co.uk/product/lily-cross/,1,1,0,0
product/rose-cross/index.html,Rose Cross | Churchill Memorials,157,https://churchillmemorials.co.uk/product/rose-cross/,1,1,0,0
product/celtic-cross/index.html,Celtic Cross | Churchill Memorials,150,https://churchillmemorials.co.uk/product/celtic-cross/,1,1,0,0
product/angel-heart/index.html,Angel Heart | Churchill Memorials,149,https://churchillmemorials.co.uk/product/angel-heart/,1,1,0,0
product/grace-vase/index.html,Grace Vase | Churchill Memorials,157,https://churchillmemorials.co.uk/product/grace-vase/,1,1,0,0
product/rose-vase/index.html,Rose Vase | Churchill Memorials,156,https://churchillmemorials.co.uk/product/rose-vase/,1,1,0,0
product/serene-stone/index.html,Serene Stone | Churchill Memorials,149,https://churchillmemorials.co.uk/product/serene-stone/,1,1,0,0
product/lily-light/index.html,Lily Light | Churchill Memorials,157,https://churchillmemorials.co.uk/product/lily-light/,1,1,0,0
product/willow-grace/index.html,Willow Grace | Churchill Memorials,150,https://churchillmemorials.co.uk/product/willow-grace/,1,1,0,0
product/cedar-grace/index.html,Cedar Grace | Churchill Memorials,149,https://churchillmemorials.co.uk/product/cedar-grace/,1,1,0,0
product/peace-vase/index.html,Peace Vase | Churchill Memorials,157,https://churchillmemorials.co.uk/product/peace-vase/,1,2,0,0
product/meadow-grace/index.html,Meadow Grace | Churchill Memorials,150,https://churchillmemorials.co.uk/product/meadow-grace/,1,1,0,0
product/pearl-grace/index.html,Pearl Grace | Churchill Memorials,149,https://churchillmemorials.co.uk/product/pearl-grace/,1,2,0,0
product/golden-grace/index.html,Golden Grace | Churchill Memorials,150,https://churchillmemorials.co.uk/product/golden-grace/,1,1,0,0
product/silver-grace/index.html,Silver Grace | Churchill Memorials,150,https://churchillmemorials.co.uk/product/silver-grace/,1,2,0,0
product/morning-grace/index.html,Morning Grace | Churchill Memorials,151,https://churchillmemorials.co.uk/product/morning-grace/,1,1,0,0
product/still-grace/index.html,Still Grace | Churchill Memorials,149,https://churchillmemorials.co.uk/product/still-grace/,1,2,0,0
product/gentle-heart/index.html,Gentle Heart | Churchill Memorials,149,https://churchillmemorials.co.uk/product/gentle-heart/,1,1,0,0
product/garden-rest/index.html,Garden Rest | Churchill Memorials,153,https://churchillmemorials.co.uk/product/garden-rest/,1,2,0,0
product/dove-vase/index.html,Dove Vase | Churchill Memorials,151,https://churchillmemorials.co.uk/product/dove-vase/,1,2,0,0
product/peace-garden/index.html,Peace Garden | Churchill Memorials,154,https://churchillmemorials.co.uk/product/peace-garden/,1,1,0,0
product/rose-garden/index.html,Rose Garden | Churchill Memorials,153,https://churchillmemorials.co.uk/product/rose-garden/,1,2,0,0
product/grace-book/index.html,Grace Book | Churchill Memorials,152,https://churchillmemorials.co.uk/product/grace-book/,1,1,0,0
product/tiny-angel/index.html,Tiny Angel | Churchill Memorials,152,https://churchillmemorials.co.uk/product/tiny-angel/,1,1,0,0
product/legacy-garden/index.html,Legacy Garden | Churchill Memorials,155,https://churchillmemorials.co.uk/product/legacy-garden/,1,1,0,0
product/soft-angel/index.html,Soft Angel | Churchill Memorials,152,https://churchillmemorials.co.uk/product/soft-angel/,1,1,0,0
product/grace-garden/index.html,Grace Garden | Churchill Memorials,154,https://churchillmemorials.co.uk/product/grace-garden/,1,3,0,0
product/serene-garden/index.html,Serene Garden | Churchill Memorials,155,https://churchillmemorials.co.uk/product/serene-garden/,1,1,0,0
product/evergreen-rest/index.html,Evergreen Rest | Churchill Memorials,156,https://churchillmemorials.co.uk/product/evergreen-rest/,1,1,0,0
product/quiet-garden/index.html,Quiet Garden | Churchill Memorials,154,https://churchillmemorials.co.uk/product/quiet-garden/,1,2,0,0
product/willow-garden/index.html,Willow Garden | Churchill Memorials,155,https://churchillmemorials.co.uk/product/willow-garden/,1,2,0,0
product/meadow-rest/index.html,Meadow Rest | Churchill Memorials,153,https://churchillmemorials.co.uk/product/meadow-rest/,1,1,0,0
product/heritage-garden/index.html,Heritage Garden | Churchill Memorials,157,https://churchillmemorials.co.uk/product/heritage-garden/,1,1,0,0
product/sanctuary-rest/index.html,Sanctuary Rest | Churchill Memorials,153,https://churchillmemorials.co.uk/product/sanctuary-rest/,1,1,0,0
product/peace-book/index.html,Peace Book | Churchill Memorials,153,https://churchillmemorials.co.uk/product/peace-book/,1,2,0,0
product/legacy-book/index.html,Legacy Book | Churchill Memorials,151,https://churchillmemorials.co.uk/product/legacy-book/,1,3,0,0
product/family-garden/index.html,Family Garden | Churchill Memorials,153,https://churchillmemorials.co.uk/product/family-garden/,1,2,0,0
product/memory-garden/index.html,Memory Garden | Churchill Memorials,153,https://churchillmemorials.co.uk/product/memory-garden/,1,2,0,0
product/cedar-rest/index.html,Cedar Rest | Churchill Memorials,150,https://churchillmemorials.co.uk/product/cedar-rest/,1,2,0,0
product/dove-garden/index.html,Dove Garden | Churchill Memorials,151,https://churchillmemorials.co.uk/product/dove-garden/,1,2,0,0
product/ivy-rest/index.html,Ivy Rest | Churchill Memorials,155,https://churchillmemorials.co.uk/product/ivy-rest/,1,2,0,0
product/oak-garden/index.html,Oak Garden | Churchill Memorials,153,https://churchillmemorials.co.uk/product/oak-garden/,1,2,0,0
product/stone-garden/index.html,Stone Garden | Churchill Memorials,155,https://churchillmemorials.co.uk/product/stone-garden/,1,2,0,0
product/pearl-garden/index.html,Pearl Garden | Churchill Memorials,155,https://churchillmemorials.co.uk/product/pearl-garden/,1,2,0,0
product/haven-rest/index.html,Haven Rest | Churchill Memorials,153,https://churchillmemorials.co.uk/product/haven-rest/,1,3,0,0
product/eden-garden/index.html,Eden Garden | Churchill Memorials,154,https://churchillmemorials.co.uk/product/eden-garden/,1,2,0,0
product/noble-rest/index.html,Noble Rest | Churchill Memorials,153,https://churchillmemorials.co.uk/product/noble-rest/,1,2,0,0
product/crown-garden/index.html,Crown Garden | Churchill Memorials,155,https://churchillmemorials.co.uk/product/crown-garden/,1,2,0,0
product/bloom-rest/index.html,Bloom Rest | Churchill Memorials,153,https://churchillmemorials.co.uk/product/bloom-rest/,1,3,0,0
product/laurel-garden/index.html,Laurel Garden | Churchill Memorials,156,https://churchillmemorials.co.uk/product/laurel-garden/,1,3,0,0
product/calm-garden/index.html,Calm Garden | Churchill Memorials,154,https://churchillmemorials.co.uk/product/calm-garden/,1,3,0,0
product/faith-grace/index.html,Faith Grace | Churchill Memorials,152,https://churchillmemorials.co.uk/product/faith-grace/,1,3,0,0
product/salaam-grace/index.html,Salaam Grace | Churchill Memorials,153,https://churchillmemorials.co.uk/product/salaam-grace/,1,2,0,0
product/noor-grace/index.html,Noor Grace | Churchill Memorials,151,https://churchillmemorials.co.uk/product/noor-grace/,1,1,0,0
product/sabr-grace/index.html,Sabr Grace | Churchill Memorials,150,https://churchillmemorials.co.uk/product/sabr-grace/,1,3,0,0
product/mercy-grace/index.html,Mercy Grace | Churchill Memorials,151,https://churchillmemorials.co.uk/product/mercy-grace/,1,1,0,0
product/peace-prayer/index.html,Peace Prayer | Churchill Memorials,152,https://churchillmemorials.co.uk/product/peace-prayer/,1,3,0,0
product/sacred-prayer/index.html,Sacred Prayer | Churchill Memorials,153,https://churchillmemorials.co.uk/product/sacred-prayer/,1,3,0,0
product/faith-stone/index.html,Faith Stone | Churchill Memorials,151,https://churchillmemorials.co.uk/product/faith-stone/,1,3,0,0
product/noor-stone/index.html,Noor Stone | Churchill Memorials,150,https://churchillmemorials.co.uk/product/noor-stone/,1,1,0,0
product/salaam-stone/index.html,Salaam Stone | Churchill Memorials,152,https://churchillmemorials.co.uk/product/salaam-stone/,1,3,0,0
product/gentle-prayer/index.html,Gentle Prayer | Churchill Memorials,153,https://churchillmemorials.co.uk/product/gentle-prayer/,1,3,0,0
product/blessed-prayer/index.html,Blessed Prayer | Churchill Memorials,154,https://churchillmemorials.co.uk/product/blessed-prayer/,1,2,0,0
product/eternal-prayer/index.html,Eternal Prayer | Churchill Memorials,154,https://churchillmemorials.co.uk/product/eternal-prayer/,1,2,0,0
product/hope-prayer/index.html,Hope Prayer | Churchill Memorials,151,https://churchillmemorials.co.uk/product/hope-prayer/,1,3,0,0
product/family-prayer/index.html,Family Prayer | Churchill Memorials,153,https://churchillmemorials.co.uk/product/family-prayer/,1,1,0,0
product/dove-prayer/index.html,Dove Prayer | Churchill Memorials,151,https://churchillmemorials.co.uk/product/dove-prayer/,1,1,0,0
product/love-story/index.html,Love Story | Churchill Memorials,146,https://churchillmemorials.co.uk/product/love-story/,1,1,0,0
product/family-book/index.html,Family Book | Churchill Memorials,147,https://churchillmemorials.co.uk/product/family-book/,1,1,0,0
product/rose-verse/index.html,Rose Verse | Churchill Memorials,146,https://churchillmemorials.co.uk/product/rose-verse/,1,1,0,0
product/quiet-verse/index.html,Quiet Verse | Churchill Memorials,147,https://churchillmemorials.co.uk/product/quiet-verse/,1,1,0,0
product/eternal-verse/index.html,Eternal Verse | Churchill Memorials,149,https://churchillmemorials.co.uk/product/eternal-verse/,1,1,0,0
product/heart-book/index.html,Heart Book | Churchill Memorials,146,https://churchillmemorials.co.uk/product/heart-book/,1,1,0,0
product/life-story/index.html,Life Story | Churchill Memorials,146,https://churchillmemorials.co.uk/product/life-story/,1,1,0,0
product/golden-verse/index.html,Golden Verse | Churchill Memorials,148,https://churchillmemorials.co.uk/product/golden-verse/,1,1,0,0
product/remembrance-book/index.html,Remembrance Book | Churchill Memorials,152,https://churchillmemorials.co.uk/product/remembrance-book/,1,1,0,0
product/sacred-book/index.html,Sacred Book | Churchill Memorials,147,https://churchillmemorials.co.uk/product/sacred-book/,1,1,0,0
product/chapter-rose/index.html,Chapter Rose | Churchill Memorials,148,https://churchillmemorials.co.uk/product/chapter-rose/,1,1,0,0
product/tender-verse/index.html,Tender Verse | Churchill Memorials,148,https://churchillmemorials.co.uk/product/tender-verse/,1,1,0,0
product/faith-book/index.html,Faith Book | Churchill Memorials,152,https://churchillmemorials.co.uk/product/faith-book/,1,1,0,0
product/willow-verse/index.html,Willow Verse | Churchill Memorials,154,https://churchillmemorials.co.uk/product/willow-verse/,1,1,0,0
product/little-star/index.html,Little Star | Churchill Memorials,151,https://churchillmemorials.co.uk/product/little-star/,1,2,0,0
product/sweet-dream/index.html,Sweet Dream | Churchill Memorials,153,https://churchillmemorials.co.uk/product/sweet-dream/,1,1,0,0
product/gentle-star/index.html,Gentle Star | Churchill Memorials,153,https://churchillmemorials.co.uk/product/gentle-star/,1,1,0,0
product/little-dove/index.html,Little Dove | Churchill Memorials,153,https://churchillmemorials.co.uk/product/little-dove/,1,1,0,0
product/baby-rose/index.html,Baby Rose | Churchill Memorials,149,https://churchillmemorials.co.uk/product/baby-rose/,1,2,0,0
product/tender-heart/index.html,Tender Heart | Churchill Memorials,152,https://churchillmemorials.co.uk/product/tender-heart/,1,2,0,0
product/little-lily/index.html,Little Lily | Churchill Memorials,153,https://churchillmemorials.co.uk/product/little-lily/,1,1,0,0
product/precious-star/index.html,Precious Star | Churchill Memorials,155,https://churchillmemorials.co.uk/product/precious-star/,1,1,0,0
product/angel-teddy/index.html,Angel Teddy | Churchill Memorials,153,https://churchillmemorials.co.uk/product/angel-teddy/,1,2,0,0
product/little-moon/index.html,Little Moon | Churchill Memorials,153,https://churchillmemorials.co.uk/product/little-moon/,1,2,0,0
product/sweet-meadow/index.html,Sweet Meadow | Churchill Memorials,156,https://churchillmemorials.co.uk/product/sweet-meadow/,1,1,0,0
product/tiny-rose/index.html,Tiny Rose | Churchill Memorials,157,https://churchillmemorials.co.uk/product/tiny-rose/,1,3,0,0
product/gentle-moon/index.html,Gentle Moon | Churchill Memorials,155,https://churchillmemorials.co.uk/product/gentle-moon/,1,1,0,0
product/little-rainbow/index.html,Little Rainbow | Churchill Memorials,149,https://churchillmemorials.co.uk/product/little-rainbow/,1,1,0,0
product/soft-star/index.html,Soft Star | Churchill Memorials,157,https://churchillmemorials.co.uk/product/soft-star/,1,1,0,0
product/precious-dove/index.html,Precious Dove | Churchill Memorials,157,https://churchillmemorials.co.uk/product/precious-dove/,1,1,0,0
product/baby-angel/index.html,Baby Angel | Churchill Memorials,154,https://churchillmemorials.co.uk/product/baby-angel/,1,1,0,0
product/tender-star/index.html,Tender Star | Churchill Memorials,155,https://churchillmemorials.co.uk/product/tender-star/,1,1,0,0
product/noble-grace/index.html,Noble Grace | Churchill Memorials,155,https://churchillmemorials.co.uk/product/noble-grace/,1,1,0,0
product/calm-stone/index.html,Calm Stone | Churchill Memorials,154,https://churchillmemorials.co.uk/product/calm-stone/,1,1,0,0
product/hope-stone/index.html,Hope Stone | Churchill Memorials,152,https://churchillmemorials.co.uk/product/hope-stone/,1,1,0,0
product/forever-grace/index.html,Forever Grace | Churchill Memorials,157,https://churchillmemorials.co.uk/product/forever-grace/,1,2,0,0
product/true-grace/index.html,True Grace | Churchill Memorials,154,https://churchillmemorials.co.uk/product/true-grace/,1,1,0,0
product/loving-grace/index.html,Loving Grace | Churchill Memorials,156,https://churchillmemorials.co.uk/product/loving-grace/,1,1,0,0
product/family-grace/index.html,Family Grace | Churchill Memorials,156,https://churchillmemorials.co.uk/product/family-grace/,1,1,0,0
product/restful-stone/index.html,Restful Stone | Churchill Memorials,157,https://churchillmemorials.co.uk/product/restful-stone/,1,1,0,0
product/kindred-grace/index.html,Kindred Grace | Churchill Memorials,157,https://churchillmemorials.co.uk/product/kindred-grace/,1,1,0,0
product/ever-grace/index.html,Ever Grace | Churchill Memorials,154,https://churchillmemorials.co.uk/product/ever-grace/,1,1,0,0
product/haven-stone/index.html,Haven Stone | Churchill Memorials,155,https://churchillmemorials.co.uk/product/haven-stone/,1,1,0,0
product/eden-grace/index.html,Eden Grace | Churchill Memorials,152,https://churchillmemorials.co.uk/product/eden-grace/,1,2,0,0
product/garden-vase/index.html,Garden Vase | Churchill Memorials,154,https://churchillmemorials.co.uk/product/garden-vase/,1,1,0,0
product/laurel-grace/index.html,Laurel Grace | Churchill Memorials,155,https://churchillmemorials.co.uk/product/laurel-grace/,1,1,0,0
product/crown-stone/index.html,Crown Stone | Churchill Memorials,154,https://churchillmemorials.co.uk/product/crown-stone/,1,1,0,0
product/bloom-stone/index.html,Bloom Stone | Churchill Memorials,154,https://churchillmemorials.co.uk/product/bloom-stone/,1,2,0,0
product/vista-grace/index.html,Vista Grace | Churchill Memorials,154,https://churchillmemorials.co.uk/product/vista-grace/,1,2,0,0
product/river-grace/index.html,River Grace | Churchill Memorials,154,https://churchillmemorials.co.uk/product/river-grace/,1,1,0,0
product/moon-grace/index.html,Moon Grace | Churchill Memorials,157,https://churchillmemorials.co.uk/product/moon-grace/,1,2,0,0
product/star-grace/index.html,Star Grace | Churchill Memorials,157,https://churchillmemorials.co.uk/product/star-grace/,1,2,0,0
product/cloud-grace/index.html,Cloud Grace | Churchill Memorials,154,https://churchillmemorials.co.uk/product/cloud-grace/,1,3,0,0
product/oak-grace/index.html,Oak Grace | Churchill Memorials,156,https://churchillmemorials.co.uk/product/oak-grace/,1,2,0,0
product/fern-stone/index.html,Fern Stone | Churchill Memorials,157,https://churchillmemorials.co.uk/product/fern-stone/,1,1,0,0
product/peace-dove/index.html,Peace Dove | Churchill Memorials,157,https://churchillmemorials.co.uk/product/peace-dove/,1,3,0,0
product/ivy-grace/index.html,Ivy Grace | Churchill Memorials,153,https://churchillmemorials.co.uk/product/ivy-grace/,1,3,0,0
product/vale-stone/index.html,Vale Stone | Churchill Memorials,154,https://churchillmemorials.co.uk/product/vale-stone/,1,3,0,0
product/dove-book/index.html,Dove Book | Churchill Memorials,153,https://churchillmemorials.co.uk/product/dove-book/,1,2,0,0
product/amber-grace/index.html,Amber Grace | Churchill Memorials,155,https://churchillmemorials.co.uk/product/amber-grace/,1,3,0,0
product/opal-grace/index.html,Opal Grace | Churchill Memorials,154,https://churchillmemorials.co.uk/product/opal-grace/,1,3,0,0
product/hope-verse/index.html,Hope Verse | Churchill Memorials,154,https://churchillmemorials.co.uk/product/hope-verse/,1,3,0,0
product/memory-vase/index.html,Memory Vase | Churchill Memorials,152,https://churchillmemorials.co.uk/product/memory-vase/,1,1,0,0
product/jade-grace/index.html,Jade Grace | Churchill Memorials,149,https://churchillmemorials.co.uk/product/jade-grace/,1,1,0,0
product/lily-vase/index.html,Lily Vase | Churchill Memorials,148,https://churchillmemorials.co.uk/product/lily-vase/,1,2,0,0
product/quiet-vase/index.html,Quiet Vase | Churchill Memorials,151,https://churchillmemorials.co.uk/product/quiet-vase/,1,2,0,0
product/forever-vase/index.html,Forever Vase | Churchill Memorials,153,https://churchillmemorials.co.uk/product/forever-vase/,1,2,0,0
product/ruby-grace/index.html,Ruby Grace | Churchill Memorials,151,https://churchillmemorials.co.uk/product/ruby-grace/,1,1,0,0
product/emerald-grace/index.html,Emerald Grace | Churchill Memorials,154,https://churchillmemorials.co.uk/product/emerald-grace/,1,1,0,0
product/ivory-grace/index.html,Ivory Grace | Churchill Memorials,152,https://churchillmemorials.co.uk/product/ivory-grace/,1,1,0,0
product/bloom-vase/index.html,Bloom Vase | Churchill Memorials,151,https://churchillmemorials.co.uk/product/bloom-vase/,1,1,0,0
product/pearl-vase/index.html,Pearl Vase | Churchill Memorials,151,https://churchillmemorials.co.uk/product/pearl-vase/,1,2,0,0
product/ivy-vase/index.html,Ivy Vase | Churchill Memorials,149,https://churchillmemorials.co.uk/product/ivy-vase/,1,1,0,0
product/willow-vase/index.html,Willow Vase | Churchill Memorials,154,https://churchillmemorials.co.uk/product/willow-vase/,1,1,0,0
product/tender-vase/index.html,Tender Vase | Churchill Memorials,154,https://churchillmemorials.co.uk/product/tender-vase/,1,1,0,0
product/sable-grace/index.html,Sable Grace | Churchill Memorials,154,https://churchillmemorials.co.uk/product/sable-grace/,1,1,0,0
product/dawn-stone/index.html,Dawn Stone | Churchill Memorials,157,https://churchillmemorials.co.uk/product/dawn-stone/,1,1,0,0
product/evening-grace/index.html,Evening Grace | Churchill Memorials,156,https://churchillmemorials.co.uk/product/evening-grace/,1,1,0,0
product/soft-light/index.html,Soft Light | Churchill Memorials,157,https://churchillmemorials.co.uk/product/soft-light/,1,1,0,0
product/peace-heart/index.html,Peace Heart | Churchill Memorials,154,https://churchillmemorials.co.uk/product/peace-heart/,1,1,0,0
product/lily-heart/index.html,Lily Heart | Churchill Memorials,147,https://churchillmemorials.co.uk/product/lily-heart/,1,1,0,0
product/golden-heart/index.html,Golden Heart | Churchill Memorials,149,https://churchillmemorials.co.uk/product/golden-heart/,1,2,0,0
product/sweet-heart/index.html,Sweet Heart | Churchill Memorials,148,https://churchillmemorials.co.uk/product/sweet-heart/,1,2,0,0
product/forever-heart/index.html,Forever Heart | Churchill Memorials,150,https://churchillmemorials.co.uk/product/forever-heart/,1,2,0,0
product/willow-heart/index.html,Willow Heart | Churchill Memorials,149,https://churchillmemorials.co.uk/product/willow-heart/,1,3,0,0
product/faith-heart/index.html,Faith Heart | Churchill Memorials,148,https://churchillmemorials.co.uk/product/faith-heart/,1,3,0,0
product/ruby-heart/index.html,Ruby Heart | Churchill Memorials,147,https://churchillmemorials.co.uk/product/ruby-heart/,1,3,0,0
product/memory-heart/index.html,Memory Heart | Churchill Memorials,149,https://churchillmemorials.co.uk/product/memory-heart/,1,2,0,0
product/quiet-heart/index.html,Quiet Heart | Churchill Memorials,148,https://churchillmemorials.co.uk/product/quiet-heart/,1,3,0,0
product/grace-heart/index.html,Grace Heart | Churchill Memorials,148,https://churchillmemorials.co.uk/product/grace-heart/,1,3,0,0
product/true-heart/index.html,True Heart | Churchill Memorials,153,https://churchillmemorials.co.uk/product/true-heart/,1,1,0,0
product/soft-heart/index.html,Soft Heart | Churchill Memorials,153,https://churchillmemorials.co.uk/product/soft-heart/,1,1,0,0
product/quiet-light/index.html,Quiet Light | Churchill Memorials,148,https://churchillmemorials.co.uk/product/quiet-light/,1,1,0,0
product/gentle-light/index.html,Gentle Light | Churchill Memorials,149,https://churchillmemorials.co.uk/product/gentle-light/,1,1,0,0
product/memory-light/index.html,Memory Light | Churchill Memorials,154,https://churchillmemorials.co.uk/product/memory-light/,1,1,0,0
product/peace-light/index.html,Peace Light | Churchill Memorials,157,https://churchillmemorials.co.uk/product/peace-light/,1,1,0,0
product/grace-light/index.html,Grace Light | Churchill Memorials,157,https://churchillmemorials.co.uk/product/grace-light/,1,2,0,0
product/still-light/index.html,Still Light | Churchill Memorials,157,https://churchillmemorials.co.uk/product/still-light/,1,3,0,0
product/forever-light/index.html,Forever Light | Churchill Memorials,155,https://churchillmemorials.co.uk/product/forever-light/,1,3,0,0
product/golden-light/index.html,Golden Light | Churchill Memorials,154,https://churchillmemorials.co.uk/product/golden-light/,1,3,0,0
product/silver-light/index.html,Silver Light | Churchill Memorials,154,https://churchillmemorials.co.uk/product/silver-light/,1,2,0,0
product/hope-light/index.html,Hope Light | Churchill Memorials,156,https://churchillmemorials.co.uk/product/hope-light/,1,2,0,0
product/orchid-grace/index.html,Orchid Grace | Churchill Memorials,154,https://churchillmemorials.co.uk/product/orchid-grace/,1,2,0,0
product/family-light/index.html,Family Light | Churchill Memorials,154,https://churchillmemorials.co.uk/product/family-light/,1,2,0,0
product/kind-light/index.html,Kind Light | Churchill Memorials,156,https://churchillmemorials.co.uk/product/kind-light/,1,1,0,0
product/calm-light/index.html,Calm Light | Churchill Memorials,156,https://churchillmemorials.co.uk/product/calm-light/,1,3,0,0
product/heritage-grace/index.html,Heritage Grace | Churchill Memorials,157,https://churchillmemorials.co.uk/product/heritage-grace/,1,2,0,0
product/tender-grace/index.html,Tender Grace | Churchill Memorials,155,https://churchillmemorials.co.uk/product/tender-grace/,1,3,0,0
product/blessed-grace/index.html,Blessed Grace | Churchill Memorials,156,https://churchillmemorials.co.uk/product/blessed-grace/,1,3,0,0
product/sacred-grace/index.html,Sacred Grace | Churchill Memorials,155,https://churchillmemorials.co.uk/product/sacred-grace/,1,3,0,0
product/grace-rose/index.html,Grace Rose | Churchill Memorials,153,https://churchillmemorials.co.uk/product/grace-rose/,1,2,0,0
product/grace-rest/index.html,Grace Rest | Churchill Memorials,153,https://churchillmemorials.co.uk/product/grace-rest/,1,3,0,0
product/grace-dove/index.html,Grace Dove | Churchill Memorials,153,https://churchillmemorials.co.uk/product/grace-dove/,1,2,0,0
product/grace-lily/index.html,Grace Lily | Churchill Memorials,154,https://churchillmemorials.co.uk/product/grace-lily/,1,1,0,0
product/rustic-grace/index.html,Rustic Grace | Churchill Memorials,156,https://churchillmemorials.co.uk/product/rustic-grace/,1,1,0,0
product/natural-grace/index.html,Natural Grace | Churchill Memorials,157,https://churchillmemorials.co.uk/product/natural-grace/,1,1,0,0
product/willow-stone/index.html,Willow Stone | Churchill Memorials,156,https://churchillmemorials.co.uk/product/willow-stone/,1,1,0,0
product/oak-stone/index.html,Oak Stone | Churchill Memorials,157,https://churchillmemorials.co.uk/product/oak-stone/,1,2,0,0
product/cedar-stone/index.html,Cedar Stone | Churchill Memorials,155,https://churchillmemorials.co.uk/product/cedar-stone/,1,2,0,0
product/meadow-stone/index.html,Meadow Stone | Churchill Memorials,156,https://churchillmemorials.co.uk/product/meadow-stone/,1,1,0,0
product/country-grace/index.html,Country Grace | Churchill Memorials,157,https://churchillmemorials.co.uk/product/country-grace/,1,1,0,0
product/field-stone/index.html,Field Stone | Churchill Memorials,155,https://churchillmemorials.co.uk/product/field-stone/,1,1,0,0
product/river-stone/index.html,River Stone | Churchill Memorials,155,https://churchillmemorials.co.uk/product/river-stone/,1,2,0,0
product/forest-grace/index.html,Forest Grace | Churchill Memorials,156,https://churchillmemorials.co.uk/product/forest-grace/,1,1,0,0
product/grace-peace/index.html,Grace Peace | Churchill Memorials,155,https://churchillmemorials.co.uk/product/grace-peace/,1,1,0,0
product/woodland-stone/index.html,Woodland Stone | Churchill Memorials,150,https://churchillmemorials.co.uk/product/woodland-stone/,1,1,0,0
product/quiet-oak/index.html,Quiet Oak | Churchill Memorials,154,https://churchillmemorials.co.uk/product/quiet-oak/,1,1,0,0
product/silver-rest/index.html,Silver Rest | Churchill Memorials,155,https://churchillmemorials.co.uk/product/silver-rest/,1,1,0,0
product/soft-willow/index.html,Soft Willow | Churchill Memorials,156,https://churchillmemorials.co.uk/product/soft-willow/,1,1,0,0
product/grace-hope/index.html,Grace Hope | Churchill Memorials,135,https://churchillmemorials.co.uk/product/grace-hope/,1,1,0,0
product/grace-memory/index.html,Grace Memory | Churchill Memorials,137,https://churchillmemorials.co.uk/product/grace-memory/,1,1,0,0
product/grace-legacy/index.html,Grace Legacy | Churchill Memorials,137,https://churchillmemorials.co.uk/product/grace-legacy/,1,1,0,0
product/grace-star/index.html,Grace Star | Churchill Memorials,135,https://churchillmemorials.co.uk/product/grace-star/,1,1,0,0
product/grace-moon/index.html,Grace Moon | Churchill Memorials,135,https://churchillmemorials.co.uk/product/grace-moon/,1,1,0,0
product/grace-meadow/index.html,Grace Meadow | Churchill Memorials,137,https://churchillmemorials.co.uk/product/grace-meadow/,1,1,0,0
product/grace-willow/index.html,Grace Willow | Churchill Memorials,137,https://churchillmemorials.co.uk/product/grace-willow/,1,1,0,0
product/grace-cedar/index.html,Grace Cedar | Churchill Memorials,136,https://churchillmemorials.co.uk/product/grace-cedar/,1,1,0,0
product/grace-oak/index.html,Grace Oak | Churchill Memorials,134,https://churchillmemorials.co.uk/product/grace-oak/,1,1,0,0
memorial-range/arabic-and-muslim-memorial-headstones/index.html,Arabic & Muslim Memorial Headstones | Churchill Memorials,119,https://churchillmemorials.co.uk/memorial-range/arabic-and-muslim-memorial-headstones/,1,16,0,0
memorial-range/bespoke-kerbset-memorials/index.html,Bespoke Kerbset Memorials | Churchill Memorials,109,https://churchillmemorials.co.uk/memorial-range/bespoke-kerbset-memorials/,1,17,0,0
memorial-range/book-memorials/index.html,Book Memorials | Churchill Memorials,98,https://churchillmemorials.co.uk/memorial-range/book-memorials/,1,14,0,0
memorial-range/cemetery-and-churchyard-headstones/index.html,Cemetery & Churchyard Headstones | Churchill Memorials,116,https://churchillmemorials.co.uk/memorial-range/cemetery-and-churchyard-headstones/,1,37,0,0
memorial-range/children-s-memorials/index.html,Children’s Memorials | Churchill Memorials,104,https://churchillmemorials.co.uk/memorial-range/children-s-memorials/,1,30,0,0
memorial-range/churchyard-and-marble-memorials/index.html,Churchyard & Marble Memorials | Churchill Memorials,113,https://churchillmemorials.co.uk/memorial-range/churchyard-and-marble-memorials/,1,18,0,0
memorial-range/cremation-memorials/index.html,Cremation Memorials | Churchill Memorials,103,https://churchillmemorials.co.uk/memorial-range/cremation-memorials/,1,18,0,0
memorial-range/heart-memorials/index.html,Heart Memorials | Churchill Memorials,99,https://churchillmemorials.co.uk/memorial-range/heart-memorials/,1,14,0,0
memorial-range/individual-bespoke-memorials/index.html,Individual Bespoke Memorials | Churchill Memorials,112,https://churchillmemorials.co.uk/memorial-range/individual-bespoke-memorials/,1,19,0,0
memorial-range/kerb-set-memorials-and-full-length-headstones/index.html,Kerb Set Memorials & Full Length Headstones | Churchill Memorials,127,https://churchillmemorials.co.uk/memorial-range/kerb-set-memorials-and-full-length-headstones/,1,16,0,0
memorial-range/rustic-and-hand-carved-memorials/index.html,Rustic & Hand Carved Memorials | Churchill Memorials,114,https://churchillmemorials.co.uk/memorial-range/rustic-and-hand-carved-memorials/,1,16,0,0
memorial-range/special-offers/index.html,Special Offers | Churchill Memorials,98,https://churchillmemorials.co.uk/memorial-range/special-offers/,1,20,0,0
memorial-range/vases/index.html,Vases | Churchill Memorials,89,https://churchillmemorials.co.uk/memorial-range/vases/,1,9,0,0
